-- phpMyAdmin SQL Dump
-- version 5.1.1
-- https://www.phpmyadmin.net/
--
-- Host: 127.0.0.1
-- Generation Time: Apr 26, 2022 at 08:36 PM
-- Server version: 10.4.22-MariaDB
-- PHP Version: 8.1.1

SET SQL_MODE = "NO_AUTO_VALUE_ON_ZERO";
START TRANSACTION;
SET time_zone = "+00:00";


/*!40101 SET @OLD_CHARACTER_SET_CLIENT=@@CHARACTER_SET_CLIENT */;
/*!40101 SET @OLD_CHARACTER_SET_RESULTS=@@CHARACTER_SET_RESULTS */;
/*!40101 SET @OLD_COLLATION_CONNECTION=@@COLLATION_CONNECTION */;
/*!40101 SET NAMES utf8mb4 */;

--
-- Database: `sampledatabase`
--

-- --------------------------------------------------------

--
-- Table structure for table `classroom`
--

CREATE TABLE `classroom` (
  `id` int(11) NOT NULL,
  `size` int(11) NOT NULL,
  `resource` int(11) NOT NULL
) ENGINE=InnoDB DEFAULT CHARSET=utf8mb4;

--
-- Dumping data for table `classroom`
--

INSERT INTO `classroom` (`id`, `size`, `resource`) VALUES
(1, 20, 20),
(2, 30, 3),
(3, 35, 18),
(4, 40, 10),
(5, 50, 34),
(6, 25, 8),
(7, 36, 15);

-- --------------------------------------------------------

--
-- Table structure for table `course`
--

CREATE TABLE `course` (
  `id` int(11) NOT NULL,
  `code` varchar(100) NOT NULL,
  `coffered_with` varchar(100) NOT NULL,
  `name` varchar(100) NOT NULL,
  `credit_hour` int(11) NOT NULL,
  `department_id` int(11) NOT NULL
) ENGINE=InnoDB DEFAULT CHARSET=utf8mb4;

--
-- Dumping data for table `course`
--

INSERT INTO `course` (`id`, `code`, `coffered_with`, `name`, `credit_hour`, `department_id`) VALUES
(1, 'MKT481', 'MKT481', 'Consumer Behavior', 3, 7),
(2, 'MKT470', 'MKT470', 'Brand Management', 3, 7),
(3, 'MKT460', 'MKT460', 'Apparel Marketing and Merchandising', 3, 7),
(4, 'MKT401', 'MKT401,INB401', 'International Marketing', 3, 7),
(5, 'MKT380', 'MKT380', 'Distribution Management', 3, 7),
(6, 'MKT350', 'MKT350', 'Service Marketing', 3, 7),
(7, 'MKT340', 'MKT340', 'Advertising', 3, 7),
(8, 'MKT302', 'MKT302', 'Advanced Marketing Management', 3, 7),
(9, 'MKT201', 'MKT201', 'Principles of Marketing', 3, 7),
(10, 'MIS465', 'MIS465', 'E-commerce & Web App.', 3, 6),
(11, 'MIS455', 'MIS455', 'Web Applications and Internet', 3, 6),
(12, 'MIS442', 'MIS442', 'Management Information System', 3, 6),
(13, 'MIS430', 'MIS430', 'Data Communication and Networking', 3, 6),
(14, 'MIS405', 'MIS405', 'MIS and System Analysis', 3, 6),
(15, 'MIS401', 'MIS401', 'Database Management', 3, 6),
(16, 'MIS102', 'MIS102', 'Advanced Computer Skills', 3, 6),
(17, 'MGT490', 'MGT490', 'Strategic Management', 3, 3),
(18, 'MGT405', 'MGT405', 'Entrepreneurship & Small Business Management', 3, 3),
(19, 'MGT401', 'MGT401', 'Corporate Social Responsibility', 3, 3),
(20, 'MGT380', 'MGT380', 'Intercultural Aspects of Business', 3, 3),
(21, 'MGT330', 'MGT330', 'Introduction to Product and Operation Management', 3, 3),
(22, 'MGT201', 'MGT201', 'Principles of Management', 3, 3),
(23, 'INB405', 'INB405', 'Managing and Integrating E-Business', 3, 5),
(24, 'INB403', 'INB403', 'Negotiation and Diplomacy', 3, 5),
(25, 'INB304', 'INB304', 'Bangladesh in International Business', 3, 5),
(26, 'INB303', 'INB303', 'International Management', 3, 5),
(27, 'INB302', 'INB302', 'International Trade and Investment Theory', 3, 5),
(28, 'INB301', 'INB301', 'International Business', 3, 5),
(29, 'HRM460', 'HRM460,INB404', 'International Human Resource Management', 3, 4),
(30, 'HRM430', 'HRM430', 'Human Resource Information Systems', 3, 4),
(31, 'HRM390', 'HRM390', 'Strategic Human Resource Management', 3, 4),
(32, 'HRM380', 'HRM380', 'Industrial Law and Relations', 3, 4),
(33, 'HRM370', 'HRM370', 'Labor Economics and Compensation Theory', 3, 4),
(34, 'HRM360', 'HRM360', 'Manpower Planning and Forecasting', 3, 4),
(35, 'HRM301', 'HRM301', 'Introduction to Human Resource Management', 3, 4),
(36, 'FIN480', 'MGT480,INB480,FIN480', 'International Financial Management', 3, 3),
(37, 'FIN461', 'FIN461', 'Financial Derivatives', 3, 3),
(38, 'FIN460', 'FIN460', 'Investment Management', 3, 3),
(39, 'FIN405', 'FIN405', 'Management of Financial Institution', 3, 3),
(40, 'FIN401', 'FIN401', 'Banking and Finance', 3, 3),
(41, 'FIN305', 'FIN305', 'Financial Reporting Environment', 3, 3),
(42, 'FIN302', 'FIN302', 'Business Finance II', 3, 3),
(43, 'FIN301', 'FIN301', 'Business Finance I', 3, 3),
(44, 'FIN201', 'FIN201', 'Introduction to Finance', 3, 3),
(45, 'ECN490', 'ECN490', 'Research Project/ Thesis', 6, 2),
(46, 'ECN486', 'ECN486', 'Research Methodology', 3, 2),
(47, 'ECN431', 'ECN431', 'Welfare Economics', 3, 2),
(48, 'ECN420', 'ECN420', 'Applied Econometrics', 3, 2),
(49, 'ECN402', 'ECN402', 'Macroeconomic Theory', 3, 2),
(50, 'ECN401', 'ECN401', 'Microeconomic Theory', 3, 2),
(51, 'ECN351', 'ECN351', 'Labor Economics', 3, 2),
(52, 'ECN350', 'ECN350', 'Environmental Economics', 3, 2),
(53, 'ECN310', 'ECN310', 'Money and Banking', 3, 2),
(54, 'ECN308', 'ECN308', 'International Trade Theory', 3, 2),
(55, 'ECN302', 'ECN302', 'Intermediate Macroeconomics', 3, 2),
(56, 'ECN301', 'ECN301', 'Intermediate Microeconomics', 3, 2),
(57, 'ECN203', 'ECN203', 'Mathematics for Economics', 3, 2),
(58, 'ECN202', 'ECN202', 'Principles of Macroeconomics', 3, 2),
(59, 'ECN201', 'ECN201', 'Principles of Microeconomics', 3, 2),
(60, 'ECN200', 'ECN200', 'Introduction to Economics', 3, 2),
(61, 'BUS485', 'BUS485', 'Business Research Methods', 3, 3),
(62, 'BUS360', 'BUS360', 'Introduction to Business Law', 3, 3),
(63, 'BUS202', 'BUS202', 'Business Mathematics', 3, 3),
(64, 'BUS201', 'BUS201', 'Introduction to Business', 3, 3),
(65, 'BBA499B', 'BBA499B', 'Advance Research', 6, 3),
(66, 'ACN441', 'ACN441,MIS441', 'Accounting Information System', 3, 1),
(67, 'ACN405', 'ACN405', 'Cost Accounting 1', 3, 1),
(68, 'ACN403', 'ACN403', 'Auditing', 3, 1),
(69, 'ACN402', 'ACN402', 'Income Tax Accounting', 3, 1),
(70, 'ACN305', 'ACN305', 'Financial Accounting', 3, 1),
(71, 'ACN301', 'ACN301', 'Intermediate Accounting', 3, 1),
(72, 'ACN202', 'ACN202', 'Management of Accounting', 3, 1),
(73, 'ACN201', 'ACN201', 'Principles of Accounting', 3, 1),
(74, 'POP411', 'POP411', 'Population Policy and Planning', 3, 9),
(75, 'POP305', 'POP305', 'Population Environment and Development Planning', 3, 9),
(76, 'POP201', 'POP201', 'Population and Environment', 3, 9),
(77, 'MCB411', 'MCB411', 'Microbiology III Laboratories', 3, 9),
(78, 'MCB410', 'BCB402,MCB410', 'Student Symposium in Microbiology', 3, 9),
(79, 'MCB407', 'MCB407', 'Clinical and Diagnostic Microbiology', 3, 9),
(80, 'MCB406', 'MCB406', 'Medical Microbiology', 3, 9),
(81, 'MCB404', 'MCB404', 'Analytical Microbiology', 3, 9),
(82, 'MCB403', 'MCB403', 'Food Microbiology and QC of Food, Fish and Beverage', 3, 9),
(83, 'MCB402', 'MCB402', 'Agricultural Microbiology', 3, 9),
(84, 'MCB401', 'MCB401', 'Pharmaceutical Microbiology', 3, 9),
(85, 'MCB311', 'MCB311', 'Microbiology II Laboratories', 3, 9),
(86, 'MCB310', 'MCB310', 'Microbial Physiology and Metabolism', 3, 9),
(87, 'MCB308', 'MCB308', 'Immunology', 3, 9),
(88, 'MCB306', 'MCB306', 'Molecular Biology and Genetic Engineering', 3, 9),
(89, 'MCB305', 'MCB305', 'Enzymology', 3, 9),
(90, 'MCB303L', 'MCB303L', 'Biochemistry and Molecular Biology Lab', 1, 9),
(91, 'MCB303', 'MCB303', 'Biochemistry and Molecular Biology', 3, 9),
(92, 'MCB302', 'MCB302', 'Microbial Ecology', 3, 9),
(93, 'MCB210', 'MCB210', 'Departmental Seminar Series in Biotechnology, Health and Development', 1, 9),
(94, 'MCB202', 'MCB202', 'Microbial Genetics', 3, 9),
(95, 'MCB201', 'MCB201', 'General Microbiology II', 3, 9),
(96, 'MCB103L', 'MCB103L', 'Basic Techniques in Microbiology Lab', 1, 9),
(97, 'MCB103', 'MCB103', 'Basic Techniques in Microbiology', 3, 9),
(98, 'MCB102', 'MCB102', 'Microbial Chemistry', 3, 9),
(99, 'MCB101', 'MCB101', 'General Microbiology', 3, 9),
(100, 'HEA101', 'HEA101', 'Health and Society', 3, 9),
(101, 'ENV415', 'ENV415', 'Air Pollution and Climate', 3, 8),
(102, 'ENV409', 'ENV409', 'Industrial Effluent Management', 3, 8),
(103, 'ENV403', 'ENV403', 'Environmental Toxicology', 3, 8),
(104, 'ENV401', 'ENV401', 'Environmental and Social impact Assessment', 3, 8),
(105, 'ENV360', 'ENV360', 'Agro-Social Forestry', 3, 8),
(106, 'ENV350', 'ENV350', 'Coastal Ecology', 3, 8),
(107, 'ENV348', 'ENV348', 'Environmental Chemical Analysis', 3, 8),
(108, 'ENV346', 'ENV346', 'Water Quality Environment', 3, 8),
(109, 'ENV340', 'ENV340', 'Advanced Geographic Information System', 3, 8),
(110, 'ENV325', 'ENV325', 'Waste Management', 3, 8),
(111, 'ENV320', 'ENV320', 'Water Resources Management', 3, 8),
(112, 'ENV316', 'ENV316', 'Environmental Management System', 3, 8),
(113, 'ENV315', 'ENV315', 'Air Pollution and Control', 3, 8),
(114, 'ENV310', 'ENV310', 'Silviculture and Forest Management', 3, 8),
(115, 'ENV307', 'ENV307', 'Risk Assessment & Disaster Management', 3, 8),
(116, 'ENV304', 'ENV304', 'Environmental Microbiology', 3, 8),
(117, 'ENV303', 'ENV303', 'People’s Participation in Environmental Management', 3, 8),
(118, 'ENV302', 'ENV302', 'Geographic Information System, Remote Sensing and Cartography', 3, 8),
(119, 'ENV301', 'ENV301', 'Environmental Economics', 3, 8),
(120, 'ENV220', 'ENV220', 'Introduction to Aquatic Science', 3, 8),
(121, 'ENV216', 'ENV216', 'Water Pollution and Control', 3, 8),
(122, 'ENV212', 'ENV212', 'Environmental Geography', 3, 8),
(123, 'ENV208', 'ENV208', 'Freshwater Ecology', 3, 8),
(124, 'ENV206', 'ENV206', 'Basic Concepts in Environmental Pollution', 3, 8),
(125, 'ENV205', 'ENV205', 'Energy and Environment', 3, 8),
(126, 'ENV202', 'ENV202', 'Environmental Biology, Ecology and Conservation', 3, 8),
(127, 'ENV201', 'ENV201', 'Environmental Chemistry', 3, 8),
(128, 'ENV102', 'ENV102', 'World Geography', 3, 8),
(129, 'ENV101', 'ENV101', 'Introduction to Environmental science', 3, 8),
(130, 'ENV100', 'ENV100', 'Basics of Climate Change', 3, 8),
(131, 'CHE101', 'CHE101', 'Concepts in Chemistry', 3, 9),
(132, 'BIO105L', 'BIO105L', 'General Chemistry Lab', 1, 9),
(133, 'BIO105', 'BIO105', 'General Chemistry', 3, 9),
(134, 'BIO102L', 'BIO102L,BIO102T', 'Biology & Society Lab', 1, 9),
(135, 'BIO102', 'BIO102', 'Biology & Society', 3, 9),
(136, 'BIO100', 'BIO100', 'Discoveries in Biology', 3, 9),
(137, 'BCB415', 'BCB415', 'Epigenetics', 3, 9),
(138, 'BCB413', 'BCB413', 'Molecular Biology of Cancer', 3, 9),
(139, 'BCB410', 'BCB410', 'Food Technology', 3, 9),
(140, 'BCB409', 'BCB409', 'Nutrition, Metabolism and Diseases', 3, 9),
(141, 'BCB401', 'BCB401', 'Readings in Biochemistry', 3, 9),
(142, 'BCB307', 'BCB307', 'Biotechnology and Genetic Engineering: Concepts and Applications', 3, 9),
(143, 'BCB303', 'BCB303,BIO301', 'Experimental Design, Research Methods and Biostatistics', 3, 9),
(144, 'BCB301', 'BCB301', 'Immunology', 3, 9),
(145, 'BCB207', 'BCB207', 'Biochemical Techniques Lab', 3, 9),
(146, 'BCB206', 'BCB206', 'Molecular Biology', 3, 9),
(147, 'BCB204', 'BCB204', 'Molecular Genetics', 3, 9),
(148, 'BCB201L', 'BCB201L', 'Organic Chemistry I Lecture Lab', 1, 9),
(149, 'BCB201', 'BCB201', 'Organic Chemistry I Lecture', 3, 9),
(150, 'BCB104L', 'BCB104L', 'Introductory Chemistry II Lecture Lab', 1, 9),
(151, 'BCB104', 'BCB104', 'Introductory Chemistry II Lecture', 3, 9),
(152, 'BCB103L', 'BCB103L', 'Introductory Chemistry I Lecture Lab', 1, 9),
(153, 'BCB103', 'BCB103', 'Introductory Chemistry I Lecture', 3, 9),
(154, 'TCL104', 'TCL104', 'Tax Calculation', 3, 3),
(155, 'PHY305', 'PHY305', 'Digital Electronics', 3, 12),
(156, 'PHY302', 'PHY302', 'Classical Electrodynamics', 3, 12),
(157, 'PHY204', 'PHY204', 'Nuclear Physics - I', 3, 12),
(158, 'PHY121', 'PHY121', 'Physics-II', 3, 12),
(159, 'PHY111', 'PHY111', 'Physics-I', 3, 12),
(160, 'PHY102', 'PHY102', 'University Physics-II', 3, 12),
(161, 'PHY101', 'PHY101', 'University Physics-I', 3, 12),
(162, 'PHY100', 'PHY100', 'Physics for the Next Generation', 3, 12),
(163, 'MAT461', 'MAT461,PHY301', 'Classical Mechanics', 3, 12),
(164, 'MAT453', 'MAT453', 'Special Functions and Transforms', 3, 12),
(165, 'MAT251', 'MAT251,MAT325,PHY306', 'Calculus-II', 3, 12),
(166, 'MAT230', 'MAT230,MAT301', 'Ordinary Differential Equations with applications-I', 3, 12),
(167, 'MAT221', 'MAT221', 'Mathematics-IV', 3, 12),
(168, 'MAT213', 'MAT213', 'Mathematics-III', 3, 12),
(169, 'MAT211', 'MAT211', 'Probability & Statistics', 3, 12),
(170, 'MAT210', 'MAT210', 'Basic University Mathematics II', 3, 12),
(171, 'MAT203', 'MAT203,MAT222', 'Linear Algebra- vectors and matrices', 3, 12),
(172, 'MAT131', 'MAT131', 'Mathematics-II', 3, 12),
(173, 'MAT125', 'MAT125', 'Calculus with Analytic Geometry-I', 3, 12),
(174, 'MAT121', 'MAT121,MAT212', 'Probability & Statistics for Science and Engineering', 3, 12),
(175, 'MAT111', 'MAT111', 'Mathematics-I', 3, 12),
(176, 'MAT104', 'MAT104', 'Calculus and analytical geometry', 3, 12),
(177, 'MAT101', 'MAT101', 'Intermediate University Mathematics II', 3, 12),
(178, 'MAT100A', 'MAT100A', 'Basic Algebra', 3, 12),
(179, 'MAT100', 'MAT100', 'Basic University Mathematics I', 3, 12),
(180, 'ETE423', 'ETE452,ETE423', 'Network Operating System & Administration', 3, 11),
(181, 'ETE411L', 'ETE411L', 'Optical Fiber Communications Lab', 1, 11),
(182, 'ETE411', 'ETE411,EEE404,ETE442,ETE404', 'Optical Fiber Communications', 3, 11),
(183, 'ETE331L', 'ETE331L,ETE303L,ETE321L', 'Computer Networks Lab', 1, 11),
(184, 'ETE331', 'ETE331,ETE303,EEE401,ETE321', 'Computer Networks', 3, 11),
(185, 'ETE323L', 'ETE323L', 'Digital Communication Lab', 1, 11),
(186, 'ETE323', 'ETE323', 'Digital Communications', 3, 11),
(187, 'ETE322L', 'ETE322L,ECR301L', 'Communication Engineering Lab', 1, 11),
(188, 'ETE322', 'ETE322,ETE406,EEE406', 'Communication Engineering - II', 3, 11),
(189, 'ETE315L', 'ETE315L', 'Electronic and Telecommunication Project Lab', 1, 11),
(190, 'ETE312', 'ETE312,ETE311,ECR301', 'Communication Engineering Fundamentals', 3, 11),
(191, 'EEE490', 'EEE490,ETE490,CSE478', 'Special Topics in Electrical & Electronic Engineering', 3, 11),
(192, 'EEE463', 'ETE463,EEE463', 'Analog and Digital Integrated Circuits', 3, 11),
(193, 'EEE423L', 'EEE423L,ETE413L', 'Sensor and Instrumentation Lab', 1, 11),
(194, 'EEE422', 'EEE422,ECR433,ETE422', 'Ethics, Engineering Economics and Management', 3, 11),
(195, 'EEE419L', 'EEE419L', 'Power System Lab', 1, 11),
(196, 'EEE419', 'EEE419', 'Power System - II', 3, 11),
(197, 'EEE411L', 'EEE411L,EEE308L', 'Control Systems Lab', 1, 11),
(198, 'EEE411', 'EEE411,ETE424,EEE308', 'Control Systems', 3, 11),
(199, 'EEE334', 'EEE334,EEE418,ETE418,ETE334', 'Embedded Systems', 3, 11),
(200, 'EEE333', 'EEE333,EEE402', 'Power System - I', 3, 11),
(201, 'EEE332L', 'EEE332L,EEE413L', 'Power Electronics and Drives Lab', 1, 11),
(202, 'EEE332', 'EEE332,EEE413,ETE461', 'Power Electronics and Drives', 3, 11),
(203, 'EEE323L', 'EEE323L,ECR209L,ETE317L', 'Microprocessor and Interfacing Lab', 1, 11),
(204, 'EEE323', 'EEE323,ECR209,ETE317', 'Microprocessor and Interfacing', 3, 11),
(205, 'EEE321L', 'EEE321L,ECR305L,ETE324L', 'Digital Signal Processing Lab', 1, 11),
(206, 'EEE321', 'EEE321,ECR305,ETE324', 'Digital Signal Processing', 3, 11),
(207, 'EEE316L', 'EEE316L,ETE316L', 'Engineering Drawing and Electrical Services Design Lab', 1, 11),
(208, 'EEE315L', 'EEE315L', 'Electrical and Electronic Project Lab', 1, 11),
(209, 'EEE314L', 'EEE314L,ETE314L', 'Numerical Technique Lab', 1, 11),
(210, 'EEE313', 'EEE313,EEE304,ETE313,ETE309', 'Electromagnetic Fields and Waves', 3, 11),
(211, 'EEE312L', 'EEE312L,EEE303L', 'Energy Conversion Lab', 1, 11),
(212, 'EEE312', 'EEE312,EEE303,ETE409,EEE225', 'Energy Conversion – II', 3, 11),
(213, 'EEE234L', 'EEE234L,ETE234L,ECR407L', 'Electronics Lab', 1, 11),
(214, 'EEE234', 'EEE234,ETE234,ECR407', 'Electronics-II', 3, 11),
(215, 'EEE233', 'EEE233', 'Energy Conversion - I', 3, 11),
(216, 'EEE232L', 'EEE232L,ETE232L,ECR205L', 'Digital Logic Design Lab', 1, 11),
(217, 'EEE232', 'EEE232,ETE232,ECR205', 'Digital Logic Design', 3, 11),
(218, 'EEE231', 'EEE231,ETE231', 'Signals and Systems', 3, 11),
(219, 'EEE223', 'EEE223', 'Mechanical Engineering Fundamentals', 3, 11),
(220, 'EEE222L', 'EEE222L,ETE235L', 'Electrical & Electronic Circuits Simulation Lab', 1, 11),
(221, 'EEE221', 'EEE221,ETE221,ECR207', 'Electronics - I', 3, 11),
(222, 'EEE211L', 'EEE211L', 'Electrical Circuit Lab', 1, 11),
(223, 'EEE211', 'EEE211', 'Electrical Circuit-II', 3, 11),
(224, 'EEE132', 'EEE132,ETE132', 'Introduction to Materials and Chemistry', 3, 11),
(225, 'EEE131', 'EEE131', 'Electrical Circuit - I', 3, 11),
(226, 'CSE459', 'CSE459,CSC459,CEN459,SEN565', 'Software Architecture and Component-Based Design', 3, 10),
(227, 'CSE452', 'CSE452,CSC452,CEN452,SEN650', 'Software Marketing', 3, 10),
(228, 'CSE451', 'CSC445,CEN445,CNC618,CSC545,CSE451,SEN545', 'Software Engineering', 3, 10),
(229, 'CSE441', 'CSE441,CSC441,CEN441', 'Instrumentation & measurements', 3, 10),
(230, 'CSE425', 'CSE425,CSC425,CEN425,CSC525', 'Artificial Intelligence', 3, 10),
(231, 'CSE424', 'CSE424,CSC424,CEN424', 'Neural Networks', 3, 10),
(232, 'CSE416', 'SEN601,CSE416,CSC416,CEN416,CNC626,CSC601', 'Distributed Database Systems', 3, 10),
(233, 'CSE408', 'CSE408,CSC408,CEN408,CNC501', 'Advanced Computer Network', 3, 10),
(234, 'CSE403', 'CSE403,CSC403,CEN403,CNC507', 'Network Management', 3, 10),
(235, 'CSE317L', 'CSE317L,CSC317L,CEN317L', 'Labwork based on CSE317', 1, 10),
(236, 'CSE317', 'CSE317,CSC317,CEN317', 'Numerical Methods', 3, 10),
(237, 'CSE316L', 'CSE316L,CSC430L,CEN430L', 'Labwork based on CSE 316', 1, 10),
(238, 'CSE316', 'CSE316,CSC430,CEN430', 'Data Communication & Computer Networks', 3, 10),
(239, 'CSE315', 'CSE315,CSC413,CEN413', 'Design of Operating System', 3, 10),
(240, 'CSE313', 'CSE313,CSC411', 'Compiler Construction', 3, 10),
(241, 'CSE310L', 'CSE310L,CEN310L', 'Labwork based on CSE 310', 1, 10),
(242, 'CSE310', 'CSE310,CEN310', 'Electronics II', 3, 10),
(243, 'CSE309', 'CSE309,CSC455,CEN455', 'Web Application & Internet', 3, 10),
(244, 'CSE307', 'CSE307,CSC405,CEN405', 'System Analysis and Design', 3, 10),
(245, 'CSE303L', 'CSE303L,CSC401L,CEN401L', 'Labwork based on CSE303', 1, 10),
(246, 'CSE303', 'CSE303,CSC401,CEN401', 'Database Management', 3, 10),
(247, 'CSE216L', 'CSE216L,CSC212L,CEN212L', 'Labwork based on CSE 216', 1, 10),
(248, 'CSE216', 'CSE216,CSC212,CEN212', 'Microprocessor Interfacing & Assembly Language', 3, 10),
(249, 'CSE214', 'CSE214,CEN311,CSC311', 'Computer Organization & Architecture', 3, 10),
(250, 'CSE213L', 'CSE213L,CSC305L,CEN305L', 'Labwork based on CSE 213', 1, 10),
(251, 'CSE213', 'CSE213,CSC305,CEN305', 'Object Oriented Programming', 3, 10),
(252, 'CSE211L', 'MAT306L,CSE211L,CSC306L,CEN306L', 'Labwork based on CSE 211', 1, 10),
(253, 'CSE211', 'CSE211,CSC306,CEN306,MAT306', 'Algorithms', 3, 10),
(254, 'CSE210L', 'CSE210L,CEN210L', 'Labwork based on CSE 210', 1, 10),
(255, 'CSE210', 'CSE210,CEN210', 'Electronics I', 3, 10),
(256, 'CSE204L', 'CSE204L,CEN204L,CSC204L', 'Labwork based on CSE 204', 1, 10),
(257, 'CSE204', 'CSE204,CEN204,CSC204', 'Digital Logic Design', 3, 10),
(258, 'CSE203L', 'CSE203L,CSC203L,CEN203L', 'Data Structure Lab', 1, 10),
(259, 'CSE203', 'CSE203,CSC203,CEN203', 'Data Structure', 3, 10),
(260, 'CSE201', 'CSE201,CSC201,CEN201,MAT120', 'Discrete Mathematics', 3, 10),
(261, 'CSE104L', 'CSE104L,CEN104L', 'Lab work based on CSE 104', 1, 10),
(262, 'CSE104', 'CSE104,CEN104', 'Electrical Circuit Analysis', 3, 10),
(263, 'CSC301', 'CSC501,CSC301,CSE437,CEN437', 'Finite Automata and Computability', 3, 10),
(264, 'CSC121L', 'CSC121L', 'Lab for CSC121', 1, 10),
(265, 'CSC121', 'CSC121', 'Introduction to Computer Programming Language', 3, 10),
(266, 'CSC101L', 'CSC101L', 'Lab for CSC101', 1, 10),
(267, 'CSC101', 'CSC101', 'Introduction to Computer Science', 3, 10),
(268, 'CIS101L', 'CIS101L', 'Labwork for CIS101', 1, 12),
(269, 'CIS101', 'CIS101', 'Fundamentals of Computer System', 3, 12),
(270, 'SOC414', 'SOC414', 'Contemporary Bangladesh Society', 3, 17),
(271, 'SOC408', 'SOC408', 'Migration and Population', 3, 17),
(272, 'SOC318', 'SOC318', 'City and City Life', 3, 17),
(273, 'SOC316', 'SOC316', 'Sociology of Culture', 3, 17),
(274, 'SOC306', 'SOC306', 'Ethnic and Cultural Minorities', 3, 17),
(275, 'SOC206', 'SOC206', 'Gender and Society', 3, 17),
(276, 'SOC202', 'SOC202', 'Social Psychology', 3, 17),
(277, 'SOC101', 'SOC101', 'Introductory Sociology', 3, 17),
(278, 'PSY201', 'PSY201', 'Principles of Psychology', 3, 17),
(279, 'PHL101', 'PHL101', 'Introduction to Philosophy', 3, 17),
(280, 'NCH101', 'NCH101', 'National Culture & Heritage I', 3, 17),
(281, 'MUS102', 'MUS102', 'Nazrul and Abbasuddin\'s Contribution', 3, 17),
(282, 'MUS101', 'MUS101', 'Music Appreciation', 3, 17),
(283, 'LIN411', 'LIN411', 'Sociolinguistics', 3, 17),
(284, 'LIN313', 'LIN313', 'Syntax', 3, 17),
(285, 'LIN311', 'LIN311', 'Phonetics and Phonology', 3, 17),
(286, 'LEL102', 'LEL102', 'Law in Everyday Life', 3, 15),
(287, 'LAW407', 'LAW407', 'Human Rights', 3, 15),
(288, 'LAW404', 'LAW404', 'Banking and Securities Law', 3, 15),
(289, 'LAW402', 'LAW402', 'Laws on Insurance', 3, 15),
(290, 'LAW309', 'LAW309', 'Alternative Dispute Resolution (ADR) and Arbitration', 3, 15),
(291, 'LAW307', 'LAW307', 'Cyber Law', 3, 15),
(292, 'LAW305', 'LAW421,LAW305', 'Moot Court Sessions', 3, 15),
(293, 'LAW304', 'LAW418,LAW304', 'Drafting and Conveyancing', 3, 15),
(294, 'LAW303', 'LAW316,LAW303', 'Business Law', 3, 15),
(295, 'LAW302', 'LAW417,LAW302', 'Public International Law', 3, 15),
(296, 'LAW301', 'LAW301', 'Comparative Law', 3, 15),
(297, 'LAW209', 'LAW312,LAW209', 'Labour Law', 3, 15),
(298, 'LAW208', 'LAW208', 'Hindu Law', 3, 15),
(299, 'LAW206', 'LAW206', 'Legal Writing, Research, General Clauses Act and Interpretation of Statute', 3, 15),
(300, 'LAW204', 'LAW204', 'Fiscal Laws of Bangladesh', 3, 15),
(301, 'LAW203', 'LAW218,LAW203', 'Equity, Trust and Specific Relief Act', 3, 15),
(302, 'LAW202', 'LAW413,LAW202', 'Law of Evidence', 3, 15),
(303, 'LAW107', 'LAW315,LAW107', 'Land Law', 3, 15),
(304, 'LAW106', 'LAW213,LAW106', 'Constitutional Law', 3, 15),
(305, 'LAW105', 'LAW310,LAW105', 'Criminal Law', 3, 15),
(306, 'LAW103', 'LAW211,LAW103', 'Law of Contract', 3, 15),
(307, 'LAW102', 'LAW210,LAW102', 'Legal History and Legal System of Bangladesh', 3, 15),
(308, 'LAW101', 'LAW212,LAW101', 'Jurisprudence', 3, 15),
(309, 'ITC103', 'ITC103', 'Introduction to Criminology', 3, 15),
(310, 'GSG497', 'GSG497', 'Language Study', 3, 14),
(311, 'GSG492', 'GSG492', 'Citizenship, Statelessness and Refugee Crisis', 3, 14),
(312, 'GSG484', 'GSG484', 'Mass Violence, Genocide and Social Memory', 3, 14),
(313, 'GSG483', 'GSG483', 'Peace And Conflict Studies', 3, 14),
(314, 'GSG450', 'GSG450', 'International Economic Institutions & Global Poverty', 3, 14),
(315, 'GSG430', 'GSG430', 'Communication Policy and Planning', 3, 14),
(316, 'GSG330', 'GSG330', 'Human Rights and Law', 3, 14),
(317, 'GSG321', 'GSG321', 'International Terrorism and Counterterrorism', 3, 14),
(318, 'GSG306', 'GSG306', 'Dynamics of International Organizations', 3, 14),
(319, 'GSG303', 'GSG303', 'Global Culture and International Communications', 3, 14),
(320, 'GSG260', 'GSG260', 'Human Geography & Global Demography', 3, 14),
(321, 'GSG240', 'GSG240', 'International Journalism', 3, 14),
(322, 'GSG231', 'GSG231', 'Cultural Governance and Soft power', 3, 14),
(323, 'GSG220', 'GSG220', 'Theories of War and Conflict', 3, 14),
(324, 'GSG210', 'GSG210', 'Foreign Policy Analysis', 3, 14),
(325, 'GSG203', 'GSG203', 'Security Studies: military, economic, political, social, human', 3, 14),
(326, 'GSG202', 'GSG202', 'Global History: 20th Century and beyond', 3, 14),
(327, 'GSG102', 'GSG102', 'Introduction to Governance Studies', 3, 14),
(328, 'GSG101', 'GSG101', 'Introduction to Global Studies', 3, 14),
(329, 'FRN101', 'FRN101', 'Elementary French I', 3, 16),
(330, 'ENG416', 'ENG416', 'Women and Literature', 3, 13),
(331, 'ENG414', 'ENG414', 'Other Literatures in English', 3, 13),
(332, 'ENG405', 'ENG405', 'South Asian Fiction in English', 3, 13),
(333, 'ENG404', 'ENG404', 'Creative Writing', 3, 13),
(334, 'ENG401', 'ENG401', 'Research Methodology', 3, 13),
(335, 'ENG305', 'ENG305', 'Introduction to Drama', 3, 13),
(336, 'ENG202', 'ENG202', 'History of England', 3, 13),
(337, 'ENG201', 'ENG201', 'Introduction to English Literature', 3, 13),
(338, 'ENG105', 'ENG105', 'Business English', 3, 13),
(339, 'ENG102', 'ENG102', 'English Reading Skills', 3, 13),
(340, 'ENG101', 'ENG101', 'English Listening & Speaking Skills', 3, 13),
(341, 'ELT416', 'ELT416', 'Testing', 3, 13),
(342, 'ELT415', 'ELT415', 'Teaching and Learning Vocabulary', 3, 13),
(343, 'ELT414', 'ELT414', 'Teaching Reading and Writing Skills', 3, 13),
(344, 'ELT412', 'ELT412', 'Teaching Pronunciation', 3, 13),
(345, 'ELT405', 'ELT405', 'Teacher Education and Supervision For ELT', 3, 13),
(346, 'ELT403', 'ELT403', 'Teaching English for Specific Purposes', 3, 13),
(347, 'ELT305', 'ELT305', 'Discourse in ELT', 3, 13),
(348, 'ELT304', 'ENG303,ELT304', 'English Language Teaching: Approaches and Methods', 3, 13),
(349, 'ELT302', 'ELT302', 'Applied Linguistics for Teachers', 3, 13),
(350, 'ELT204', 'ELT204', 'Advanced English Grammar', 3, 13),
(351, 'ELT203', 'ELT203,ENG304', 'The History of English', 3, 13),
(352, 'ELT201', 'ELT201', 'English Language', 3, 13),
(353, 'ELL101', 'ELL101', 'Legal Terminology and Phrases', 3, 13),
(354, 'CMN429', 'CMN429', 'New Media Communications', 3, 16),
(355, 'CMN425', 'CMN425', 'Writing for Marketing Communication', 3, 16),
(356, 'CMN423', 'CMN423', 'TV Commercials', 3, 16),
(357, 'CMN419', 'CMN419', 'Feature Writing', 3, 16),
(358, 'CMN417', 'CMN417', 'Film-TV Business Practice', 3, 16),
(359, 'CMN415', 'CMN415', 'Global Communication and National Culture', 3, 16),
(360, 'CMN408', 'CMN408', 'Political Communication', 3, 16),
(361, 'CMN406', 'CMN406', 'Theories of Media and Communication', 3, 16),
(362, 'CMN404', 'CMN404', 'Documentary Video Production', 3, 16),
(363, 'CMN327', 'CMN327', 'Environmental Communication: Theories and Practice', 3, 16),
(364, 'CMN326', 'CMN326', 'Health and Population Communication Strategies', 3, 16),
(365, 'CMN322', 'CMN322', 'Creative Advertising', 3, 16),
(366, 'CMN321', 'CMN321', 'Advertising Business Practice', 3, 16),
(367, 'CMN320', 'CMN320', 'Newscasting and Announcing', 3, 16),
(368, 'CMN317', 'CMN317', 'Newspaper Editing', 3, 16),
(369, 'CMN316', 'CMN316', 'Development-Support Communication', 3, 16),
(370, 'CMN309', 'CMN309', 'Shooting and Lighting', 3, 16),
(371, 'CMN308', 'CMN308', 'Newspaper Reporting and Editing', 3, 16),
(372, 'CMN305', 'CMN305', 'Media and Development', 3, 16),
(373, 'CMN304', 'CMN304', 'Language of Film', 3, 16),
(374, 'CMN302', 'CMN302', 'Media, Culture and Society', 3, 16),
(375, 'CMN207', 'CMN207', 'Introduction to Media Writing', 3, 16),
(376, 'CMN205', 'CMN205', 'Introduction to Interactive Media', 3, 16),
(377, 'CMN203', 'CMN203', 'Mass Communication: Structure and Process', 3, 16),
(378, 'CMN202', 'CMN202', 'Public Speaking', 3, 16),
(379, 'CMN201', 'CMN201', 'Introduction to Communication', 3, 16),
(380, 'CHI101', 'CHI101', 'Elementary Chinese-I', 3, 16),
(381, 'CFS105', 'CFS105', 'Criminalistics & Forensic Science', 3, 14),
(382, 'CCS106', 'CCS106', 'Cyber Space, Cyber Crime, & Cyber Security', 4, 14),
(383, 'BPH101', 'BPH101', 'Bangladesh Political History', 3, 19),
(384, 'BNG201', 'BNG201', 'Bangla Literature', 3, 19),
(385, 'BLA101', 'BLA101', 'Bangla Literature and Art', 3, 19),
(386, 'BDS109', 'BDS109', 'Bangladesh 1971 through the Lenses', 3, 19),
(387, 'ANT410', 'ANT410', 'Advance Research Methods in Anthropology', 3, 17),
(388, 'ANT403', 'ANT403', 'Applied Anthropology', 3, 17),
(389, 'ANT401', 'ANT401', 'Anthropology and Development', 3, 17),
(390, 'ANT311', 'ANT311', 'Gender Issues in Anthropology', 3, 17),
(391, 'ANT306', 'ANT306', 'Peasant Society', 3, 17),
(392, 'ANT211', 'ANT211', 'Politics and Power in Anthropology', 3, 17),
(393, 'ANT209', 'ANT209', 'Kinship and Social Organization', 3, 17),
(394, 'ANT101', 'ANT101', 'Introduction to Anthropology', 3, 17),
(395, 'AAT101', 'AAT101', 'Art and Aesthetics', 3, 17),
(396, 'PHA412', 'PHA412', 'Pharmaceutical Biotechnology', 3, 18),
(397, 'PHA409', 'PHA409', 'Biopharmaceutics & Clinical Pharmacokinetic-II', 3, 18),
(398, 'PHA407', 'PHA407', 'Pharmaceutical Industrial Training', 1, 18),
(399, 'PHA404', 'PHA404', 'Advanced Pharmaceutical Analysis', 3, 18),
(400, 'PHA403', 'PHA403', 'Pharmacology-IV', 3, 18),
(401, 'PHA401', 'PHA401', 'Biopharmaceutics & Clinical Pharmacokinetic-I', 3, 18),
(402, 'PHA312', 'PHA312', 'Biochemistry & Molecular Biology', 3, 18),
(403, 'PHA311', 'PHA311', 'Pharmaceutical Engineering-II', 3, 18),
(404, 'PHA310', 'PHA310', 'Pharmaceutical Analysis-II', 3, 18),
(405, 'PHA309', 'PHA309', 'Medicinal Chemistry-I', 3, 18),
(406, 'PHA307', 'PHA307', 'Pharmaceutical Dosage Form-III', 3, 18),
(407, 'PHA306', 'PHA306', 'Pharmacology-II', 3, 18),
(408, 'PHA305', 'PHA305', 'Pharmaceutical Analysis-I', 3, 18),
(409, 'PHA304', 'PHA304', 'Pharmacy Practice-I', 3, 18),
(410, 'PHA303', 'PHA303', 'GMP & Pharmaceutical Industrial Practice', 3, 18),
(411, 'PHA302', 'PHA302', 'Pharmaceutical Dosage Form-II', 3, 18),
(412, 'PHA301', 'PHA301', 'Pharmaceutical Engineering-I', 3, 18),
(413, 'PHA300', 'PHA300', 'Viva voce', 1, 18),
(414, 'PHA209', 'PHA209', 'Pharmaceutical Dosage Form-I', 3, 18),
(415, 'PHA208', 'PHA208', 'Pharmaceutical Microbiology-II', 3, 18),
(416, 'PHA207', 'PHA207', 'Pharmacology-I', 3, 18),
(417, 'PHA206', 'PHA206', 'Human Anatomy & Physiology-III', 3, 18),
(418, 'PHA205', 'PHA205', 'Physical Pharmacy', 3, 18),
(419, 'PHA204', 'PHA204', 'Pharmaceutical Microbiology-I', 3, 18),
(420, 'PHA203', 'PHA203', 'Human Anatomy & Physiology-II', 3, 18),
(421, 'PHA202', 'PHA202', 'Organic Pharmacy-II', 3, 18),
(422, 'PHA201', 'PHA201', 'Inorganic Pharmacy-II', 3, 18),
(423, 'PHA200', 'PHA200', 'Viva voce', 1, 18),
(424, 'PHA106', 'PHA106', 'Pharmaceutical Statistics', 3, 18),
(425, 'PHA105', 'PHA105', 'Organic Pharmacy-I', 3, 18),
(426, 'PHA104', 'PHA104', 'Inorganic Pharmacy-I', 3, 18),
(427, 'PHA103', 'PHA103', 'Human Anatomy & Physiology-I', 3, 18),
(428, 'PHA102', 'PHA102', 'Pharmacognosy and Nutraceuticals', 3, 18),
(429, 'PHA101', 'PHA101', 'Introduction to Pharmacy', 3, 18),
(430, 'PHA100', 'PHA100', 'Viva voce', 1, 18),
(431, 'HEA202', 'HEA202', 'Methods in Epidemiology and Demography-I', 3, 19);

-- --------------------------------------------------------

--
-- Table structure for table `department`
--

CREATE TABLE `department` (
  `id` int(11) NOT NULL,
  `name` varchar(10) DEFAULT NULL,
  `school_id` int(11) DEFAULT NULL
) ENGINE=InnoDB DEFAULT CHARSET=utf8mb4;

--
-- Dumping data for table `department`
--

INSERT INTO `department` (`id`, `name`, `school_id`) VALUES
(1, 'Accounting', 1),
(2, 'Economics', 1),
(3, 'General Ma', 1),
(4, 'Human Reso', 1),
(5, 'Internatio', 1),
(6, 'Management', 1),
(7, 'Marketing', 1),
(8, 'Environmen', 2),
(9, 'Life Scien', 2),
(10, 'CSE', 3),
(11, 'EEE', 3),
(12, 'PS', 3),
(13, 'English', 4),
(14, ' Global St', 4),
(15, 'Law', 4),
(16, 'Media and ', 4),
(17, 'Social Sci', 4),
(18, 'Department', 5),
(19, 'Department', 5);

-- --------------------------------------------------------

--
-- Table structure for table `school`
--

CREATE TABLE `school` (
  `id` int(11) NOT NULL,
  `name` varchar(100) NOT NULL
) ENGINE=InnoDB DEFAULT CHARSET=utf8mb4;

--
-- Dumping data for table `school`
--

INSERT INTO `school` (`id`, `name`) VALUES
(1, 'SBE'),
(2, 'SELS'),
(3, 'SETS'),
(4, 'SLASS'),
(5, 'SPPH');

-- --------------------------------------------------------

--
-- Table structure for table `section`
--

CREATE TABLE `section` (
  `id` int(11) NOT NULL,
  `course_id` int(11) NOT NULL,
  `semester_id` int(11) NOT NULL,
  `department_id` int(11) NOT NULL,
  `classroom_id` int(11) NOT NULL,
  `section_capacity` int(11) NOT NULL,
  `enrolled_students` int(11) NOT NULL,
  `blocked` int(11) NOT NULL,
  `school_id` int(11) NOT NULL
) ENGINE=InnoDB DEFAULT CHARSET=utf8mb4;

--
-- Dumping data for table `section`
--

INSERT INTO `section` (`id`, `course_id`, `semester_id`, `department_id`, `classroom_id`, `section_capacity`, `enrolled_students`, `blocked`, `school_id`) VALUES
(1, 1, 1, 0, 5, 46, 46, -1, 1),
(2, 1, 1, 0, 5, 45, 45, -1, 1),
(3, 1, 1, 0, 6, 40, 34, -1, 1),
(4, 2, 1, 0, 5, 45, 45, -1, 1),
(5, 3, 1, 0, 5, 48, 48, -1, 1),
(6, 4, 1, 0, 5, 46, 46, -1, 1),
(7, 4, 1, 0, 5, 50, 50, -1, 1),
(8, 5, 1, 0, 5, 48, 48, -1, 1),
(9, 6, 1, 0, 5, 45, 43, -1, 1),
(10, 6, 1, 0, 5, 45, 45, -1, 1),
(11, 6, 1, 0, 5, 47, 47, -1, 1),
(12, 7, 1, 0, 5, 48, 48, -1, 1),
(13, 7, 1, 0, 5, 49, 49, -1, 1),
(14, 7, 1, 0, 5, 49, 49, -1, 1),
(15, 8, 1, 0, 5, 46, 46, -1, 1),
(16, 8, 1, 0, 5, 45, 45, -1, 1),
(17, 8, 1, 0, 5, 45, 45, -1, 1),
(18, 9, 1, 0, 5, 50, 50, -1, 1),
(19, 9, 1, 0, 5, 50, 50, -1, 1),
(20, 9, 1, 0, 5, 51, 51, -1, 1),
(21, 9, 1, 0, 5, 51, 50, -1, 1),
(22, 9, 1, 0, 5, 50, 50, -1, 1),
(23, 9, 1, 0, 5, 51, 51, -1, 1),
(24, 9, 1, 0, 5, 50, 50, -1, 1),
(25, 9, 1, 0, 5, 51, 50, -1, 1),
(26, 10, 1, 0, 5, 48, 48, -1, 1),
(27, 11, 1, 0, 5, 35, 20, -1, 1),
(28, 12, 1, 0, 5, 50, 50, -1, 1),
(29, 12, 1, 0, 5, 50, 50, -1, 1),
(30, 12, 1, 0, 5, 51, 51, -1, 1),
(31, 12, 1, 0, 5, 51, 51, -1, 1),
(32, 12, 1, 0, 5, 50, 50, -1, 1),
(33, 12, 1, 0, 5, 51, 51, -1, 1),
(34, 12, 1, 0, 5, 52, 51, -1, 1),
(35, 12, 1, 0, 5, 51, 51, -1, 1),
(36, 12, 1, 0, 5, 52, 51, -1, 1),
(37, 13, 1, 0, 6, 43, 43, -1, 1),
(38, 14, 1, 0, 5, 45, 43, -1, 1),
(39, 15, 1, 0, 5, 50, 50, -1, 1),
(40, 16, 1, 0, 4, 42, 37, -1, 1),
(41, 17, 1, 0, 5, 45, 18, -1, 1),
(42, 17, 1, 0, 5, 45, 11, -1, 1),
(43, 17, 1, 0, 5, 45, 14, -1, 1),
(44, 17, 1, 0, 5, 45, 27, -1, 1),
(45, 17, 1, 0, 5, 46, 45, -1, 1),
(46, 17, 1, 0, 5, 45, 43, -1, 1),
(47, 18, 1, 0, 6, 48, 42, -1, 1),
(48, 19, 1, 0, 4, 30, 30, -1, 1),
(49, 20, 1, 0, 6, 32, 32, -1, 1),
(50, 21, 1, 0, 5, 50, 50, -1, 1),
(51, 21, 1, 0, 5, 48, 48, -1, 1),
(52, 21, 1, 0, 5, 48, 48, -1, 1),
(53, 21, 1, 0, 5, 48, 48, -1, 1),
(54, 21, 1, 0, 5, 48, 48, -1, 1),
(55, 21, 1, 0, 5, 49, 49, -1, 1),
(56, 22, 1, 0, 5, 47, 47, -1, 1),
(57, 22, 1, 0, 5, 47, 47, -1, 1),
(58, 22, 1, 0, 5, 47, 47, -1, 1),
(59, 22, 1, 0, 5, 47, 47, -1, 1),
(60, 22, 1, 0, 5, 47, 47, -1, 1),
(61, 22, 1, 0, 5, 48, 48, -1, 1),
(62, 22, 1, 0, 5, 47, 47, -1, 1),
(63, 22, 1, 0, 5, 47, 47, -1, 1),
(64, 23, 1, 0, 5, 45, 45, -1, 1),
(65, 24, 1, 0, 5, 52, 52, -1, 1),
(66, 25, 1, 0, 5, 40, 6, -1, 1),
(67, 25, 1, 0, 5, 50, 49, -1, 1),
(68, 26, 1, 0, 5, 40, 26, -1, 1),
(69, 26, 1, 0, 5, 40, 40, -1, 1),
(70, 27, 1, 0, 5, 44, 44, -1, 1),
(71, 27, 1, 0, 5, 44, 44, -1, 1),
(72, 28, 1, 0, 5, 40, 18, -1, 1),
(73, 28, 1, 0, 5, 40, 11, -1, 1),
(74, 28, 1, 0, 5, 41, 41, -1, 1),
(75, 28, 1, 0, 5, 40, 33, -1, 1),
(76, 28, 1, 0, 5, 40, 40, -1, 1),
(77, 28, 1, 0, 5, 40, 40, -1, 1),
(78, 28, 1, 0, 5, 40, 40, -1, 1),
(79, 28, 1, 0, 5, 40, 37, -1, 1),
(80, 28, 1, 0, 5, 40, 40, -1, 1),
(81, 29, 1, 0, 5, 55, 53, -1, 1),
(82, 29, 1, 0, 5, 55, 50, -1, 1),
(83, 30, 1, 0, 5, 63, 62, -1, 1),
(84, 31, 1, 0, 5, 54, 53, -1, 1),
(85, 31, 1, 0, 5, 53, 53, -1, 1),
(86, 32, 1, 0, 5, 56, 55, -1, 1),
(87, 32, 1, 0, 5, 57, 54, -1, 1),
(88, 33, 1, 0, 5, 58, 57, -1, 1),
(89, 33, 1, 0, 5, 57, 56, -1, 1),
(90, 34, 1, 0, 5, 58, 58, -1, 1),
(91, 34, 1, 0, 5, 57, 54, -1, 1),
(92, 35, 1, 0, 5, 51, 51, -1, 1),
(93, 35, 1, 0, 5, 50, 50, -1, 1),
(94, 35, 1, 0, 5, 51, 51, -1, 1),
(95, 35, 1, 0, 5, 50, 50, -1, 1),
(96, 35, 1, 0, 5, 50, 50, -1, 1),
(97, 35, 1, 0, 5, 50, 50, -1, 1),
(98, 35, 1, 0, 5, 50, 50, -1, 1),
(99, 36, 1, 0, 6, 36, 35, -1, 1),
(100, 37, 1, 0, 5, 35, 25, -1, 1),
(101, 38, 1, 0, 5, 45, 40, -1, 1),
(102, 38, 1, 0, 5, 45, 45, -1, 1),
(103, 39, 1, 0, 5, 46, 46, -1, 1),
(104, 40, 1, 0, 5, 49, 49, -1, 1),
(105, 40, 1, 0, 5, 46, 46, -1, 1),
(106, 41, 1, 0, 5, 35, 26, -1, 1),
(107, 42, 1, 0, 5, 48, 34, -1, 1),
(108, 42, 1, 0, 5, 48, 45, -1, 1),
(109, 43, 1, 0, 5, 49, 48, -1, 1),
(110, 43, 1, 0, 5, 49, 49, -1, 1),
(111, 44, 1, 0, 5, 51, 51, -1, 1),
(112, 44, 1, 0, 5, 50, 50, -1, 1),
(113, 44, 1, 0, 5, 50, 50, -1, 1),
(114, 44, 1, 0, 5, 51, 50, -1, 1),
(115, 44, 1, 0, 5, 51, 51, -1, 1),
(116, 44, 1, 0, 5, 51, 51, -1, 1),
(117, 44, 1, 0, 5, 51, 51, -1, 1),
(118, 44, 1, 0, 5, 51, 51, -1, 1),
(119, 45, 1, 0, 6, 30, 5, -1, 1),
(120, 46, 1, 0, 6, 30, 8, -1, 1),
(121, 47, 1, 0, 6, 30, 17, -1, 1),
(122, 48, 1, 0, 6, 30, 6, -1, 1),
(123, 49, 1, 0, 5, 30, 9, -1, 1),
(124, 50, 1, 0, 4, 30, 12, -1, 1),
(125, 51, 1, 0, 5, 30, 11, -1, 1),
(126, 52, 1, 0, 5, 30, 30, -1, 1),
(127, 53, 1, 0, 6, 30, 21, -1, 1),
(128, 54, 1, 0, 6, 30, 27, -1, 1),
(129, 55, 1, 0, 4, 30, 19, -1, 1),
(130, 56, 1, 0, 6, 30, 25, -1, 1),
(131, 57, 1, 0, 6, 30, 7, -1, 1),
(132, 58, 1, 0, 4, 40, 40, -1, 1),
(133, 58, 1, 0, 6, 40, 40, -1, 1),
(134, 58, 1, 0, 6, 40, 40, -1, 1),
(135, 58, 1, 0, 6, 41, 41, -1, 1),
(136, 58, 1, 0, 5, 40, 39, -1, 1),
(137, 58, 1, 0, 5, 40, 40, -1, 1),
(138, 58, 1, 0, 5, 40, 39, -1, 1),
(139, 58, 1, 0, 6, 40, 40, -1, 1),
(140, 59, 1, 0, 4, 40, 39, -1, 1),
(141, 59, 1, 0, 6, 41, 41, -1, 1),
(142, 59, 1, 0, 5, 41, 40, -1, 1),
(143, 59, 1, 0, 5, 40, 26, -1, 1),
(144, 59, 1, 0, 6, 41, 41, -1, 1),
(145, 59, 1, 0, 5, 40, 38, -1, 1),
(146, 59, 1, 0, 5, 40, 38, -1, 1),
(147, 59, 1, 0, 4, 40, 40, -1, 1),
(148, 59, 1, 0, 4, 41, 40, -1, 1),
(149, 59, 1, 0, 6, 40, 34, -1, 1),
(150, 60, 1, 0, 5, 33, 32, -1, 1),
(151, 60, 1, 0, 5, 33, 32, -1, 1),
(152, 60, 1, 0, 4, 33, 27, -1, 1),
(153, 61, 1, 0, 5, 45, 38, -1, 1),
(154, 61, 1, 0, 5, 45, 40, -1, 1),
(155, 61, 1, 0, 5, 50, 44, -1, 1),
(156, 61, 1, 0, 5, 50, 50, -1, 1),
(157, 61, 1, 0, 5, 51, 51, -1, 1),
(158, 61, 1, 0, 5, 51, 51, -1, 1),
(159, 62, 1, 0, 5, 48, 44, -1, 1),
(160, 62, 1, 0, 5, 48, 48, -1, 1),
(161, 62, 1, 0, 5, 48, 47, -1, 1),
(162, 62, 1, 0, 5, 48, 48, -1, 1),
(163, 62, 1, 0, 5, 50, 49, -1, 1),
(164, 62, 1, 0, 5, 49, 48, -1, 1),
(165, 62, 1, 0, 5, 49, 48, -1, 1),
(166, 63, 1, 0, 5, 38, 38, -1, 1),
(167, 63, 1, 0, 5, 38, 38, -1, 1),
(168, 63, 1, 0, 5, 38, 38, -1, 1),
(169, 63, 1, 0, 5, 38, 38, -1, 1),
(170, 63, 1, 0, 5, 38, 38, -1, 1),
(171, 63, 1, 0, 5, 38, 38, -1, 1),
(172, 63, 1, 0, 5, 38, 38, -1, 1),
(173, 63, 1, 0, 5, 38, 37, -1, 1),
(174, 64, 1, 0, 5, 48, 48, -1, 1),
(175, 64, 1, 0, 5, 48, 48, -1, 1),
(176, 64, 1, 0, 5, 48, 48, -1, 1),
(177, 64, 1, 0, 5, 48, 45, -1, 1),
(178, 64, 1, 0, 5, 48, 48, -1, 1),
(179, 64, 1, 0, 5, 50, 50, -1, 1),
(180, 64, 1, 0, 5, 48, 48, -1, 1),
(181, 64, 1, 0, 5, 48, 48, -1, 1),
(182, 64, 1, 0, 5, 49, 49, -1, 1),
(183, 65, 1, 0, 5, 10, 0, 0, 1),
(184, 66, 1, 0, 5, 58, 57, -1, 1),
(185, 67, 1, 0, 6, 35, 25, -1, 1),
(186, 67, 1, 0, 5, 35, 12, -1, 1),
(187, 68, 1, 0, 5, 35, 27, -1, 1),
(188, 68, 1, 0, 5, 35, 31, -1, 1),
(189, 69, 1, 0, 5, 45, 42, -1, 1),
(190, 70, 1, 0, 5, 45, 23, -1, 1),
(191, 70, 1, 0, 5, 45, 21, -1, 1),
(192, 71, 1, 0, 5, 45, 39, -1, 1),
(193, 71, 1, 0, 5, 45, 19, -1, 1),
(194, 72, 1, 0, 6, 36, 36, -1, 1),
(195, 72, 1, 0, 5, 41, 41, -1, 1),
(196, 72, 1, 0, 5, 36, 36, -1, 1),
(197, 72, 1, 0, 5, 40, 40, -1, 1),
(198, 72, 1, 0, 5, 37, 37, -1, 1),
(199, 72, 1, 0, 5, 40, 40, -1, 1),
(200, 72, 1, 0, 5, 37, 37, -1, 1),
(201, 73, 1, 0, 5, 46, 46, -1, 1),
(202, 73, 1, 0, 5, 46, 45, -1, 1),
(203, 73, 1, 0, 5, 46, 46, -1, 1),
(204, 73, 1, 0, 5, 48, 48, -1, 1),
(205, 73, 1, 0, 5, 46, 45, -1, 1),
(206, 73, 1, 0, 5, 46, 46, -1, 1),
(207, 73, 1, 0, 5, 47, 45, -1, 1),
(208, 73, 1, 0, 5, 46, 46, -1, 1),
(209, 73, 1, 0, 5, 48, 48, -1, 1),
(210, 74, 1, 0, 6, 20, 1, -1, 2),
(211, 75, 1, 0, 6, 41, 41, -1, 2),
(212, 76, 1, 0, 6, 40, 40, -1, 2),
(213, 77, 1, 0, 6, 15, 13, -1, 2),
(214, 78, 1, 0, 6, 15, 13, -1, 2),
(215, 78, 1, 0, 1, 15, 15, -1, 2),
(216, 79, 1, 0, 1, 20, 10, -1, 2),
(217, 80, 1, 0, 6, 25, 10, -1, 2),
(218, 81, 1, 0, 6, 25, 14, -1, 2),
(219, 82, 1, 0, 4, 15, 9, -1, 2),
(220, 83, 1, 0, 6, 15, 10, -1, 2),
(221, 84, 1, 0, 1, 15, 8, -1, 2),
(222, 85, 1, 0, 6, 15, 13, -1, 2),
(223, 86, 1, 0, 6, 25, 14, -1, 2),
(224, 87, 1, 0, 5, 25, 18, -1, 2),
(225, 88, 1, 0, 1, 15, 9, -1, 2),
(226, 89, 1, 0, 6, 20, 13, -1, 2),
(227, 90, 1, 0, 6, 15, 12, 0, 2),
(228, 91, 1, 0, 4, 15, 12, -1, 2),
(229, 92, 1, 0, 6, 15, 0, 0, 2),
(230, 93, 1, 0, 6, 15, 10, -1, 2),
(231, 94, 1, 0, 6, 20, 14, -1, 2),
(232, 95, 1, 0, 6, 25, 21, -1, 2),
(233, 96, 1, 0, 6, 15, 9, 0, 2),
(234, 97, 1, 0, 6, 15, 9, -1, 2),
(235, 98, 1, 0, 6, 20, 12, -1, 2),
(236, 99, 1, 0, 1, 20, 6, -1, 2),
(237, 100, 1, 0, 4, 35, 17, -1, 2),
(238, 100, 1, 0, 5, 35, 19, -1, 2),
(239, 100, 1, 0, 5, 35, 0, 0, 2),
(240, 100, 1, 0, 5, 35, 14, -1, 2),
(241, 100, 1, 0, 6, 39, 39, -1, 2),
(242, 100, 1, 0, 5, 35, 29, -1, 2),
(243, 100, 1, 0, 5, 35, 21, -1, 2),
(244, 100, 1, 0, 5, 35, 27, -1, 2),
(245, 100, 1, 0, 5, 35, 26, -1, 2),
(246, 100, 1, 0, 5, 38, 38, -1, 2),
(247, 100, 1, 0, 5, 35, 33, -1, 2),
(248, 100, 1, 0, 5, 35, 35, -1, 2),
(249, 100, 1, 0, 5, 35, 35, -1, 2),
(250, 100, 1, 0, 5, 35, 35, -1, 2),
(251, 101, 1, 0, 1, 36, 32, -1, 2),
(252, 102, 1, 0, 5, 30, 23, -1, 2),
(253, 103, 1, 0, 6, 35, 32, -1, 2),
(254, 104, 1, 0, 5, 45, 44, -1, 2),
(255, 105, 1, 0, 2, 30, 27, -1, 2),
(256, 106, 1, 0, 5, 30, 30, -1, 2),
(257, 107, 1, 0, 5, 30, 13, -1, 2),
(258, 108, 1, 0, 6, 30, 28, -1, 2),
(259, 109, 1, 0, 5, 18, 18, -1, 2),
(260, 110, 1, 0, 5, 30, 28, -1, 2),
(261, 110, 1, 0, 5, 30, 17, -1, 2),
(262, 111, 1, 0, 5, 31, 31, -1, 2),
(263, 112, 1, 0, 4, 42, 37, -1, 2),
(264, 113, 1, 0, 6, 32, 32, -1, 2),
(265, 114, 1, 0, 5, 31, 30, -1, 2),
(266, 115, 1, 0, 6, 30, 12, -1, 2),
(267, 116, 1, 0, 1, 20, 8, -1, 2),
(268, 117, 1, 0, 5, 50, 50, -1, 2),
(269, 118, 1, 0, 5, 31, 31, -1, 2),
(270, 119, 1, 0, 5, 30, 19, -1, 2),
(271, 120, 1, 0, 6, 30, 8, -1, 2),
(272, 121, 1, 0, 5, 30, 30, -1, 2),
(273, 122, 1, 0, 4, 35, 25, -1, 2),
(274, 122, 1, 0, 6, 40, 40, -1, 2),
(275, 123, 1, 0, 6, 26, 26, -1, 2),
(276, 124, 1, 0, 5, 30, 30, -1, 2),
(277, 124, 1, 0, 5, 30, 30, -1, 2),
(278, 125, 1, 0, 5, 30, 28, -1, 2),
(279, 126, 1, 0, 6, 25, 17, -1, 2),
(280, 126, 1, 0, 1, 20, 20, -1, 2),
(281, 127, 1, 0, 6, 30, 28, -1, 2),
(282, 128, 1, 0, 5, 40, 25, -1, 2),
(283, 129, 1, 0, 4, 40, 15, -1, 2),
(284, 129, 1, 0, 6, 40, 40, -1, 2),
(285, 129, 1, 0, 5, 40, 27, -1, 2),
(286, 129, 1, 0, 5, 40, 19, -1, 2),
(287, 129, 1, 0, 5, 40, 37, -1, 2),
(288, 129, 1, 0, 5, 40, 39, -1, 2),
(289, 129, 1, 0, 5, 40, 27, -1, 2),
(290, 129, 1, 0, 5, 40, 40, -1, 2),
(291, 130, 1, 0, 5, 40, 27, -1, 2),
(292, 130, 1, 0, 5, 40, 35, -1, 2),
(293, 131, 1, 0, 6, 30, 28, -1, 2),
(294, 132, 1, 0, 6, 25, 20, 0, 2),
(295, 133, 1, 0, 1, 25, 20, -1, 2),
(296, 134, 1, 0, 6, 25, 17, 0, 2),
(297, 135, 1, 0, 6, 25, 17, -1, 2),
(298, 136, 1, 0, 5, 25, 25, -1, 2),
(299, 136, 1, 0, 6, 30, 29, -1, 2),
(300, 136, 1, 0, 6, 30, 29, -1, 2),
(301, 136, 1, 0, 5, 28, 28, -1, 2),
(302, 136, 1, 0, 6, 36, 36, -1, 2),
(303, 137, 1, 0, 5, 25, 17, -1, 2),
(304, 138, 1, 0, 6, 25, 12, -1, 2),
(305, 139, 1, 0, 6, 25, 10, -1, 2),
(306, 140, 1, 0, 6, 25, 11, -1, 2),
(307, 141, 1, 0, 6, 20, 16, -1, 2),
(308, 142, 1, 0, 6, 25, 16, -1, 2),
(309, 143, 1, 0, 1, 25, 22, -1, 2),
(310, 144, 1, 0, 1, 25, 16, -1, 2),
(311, 145, 1, 0, 6, 15, 9, -1, 2),
(312, 146, 1, 0, 1, 25, 13, -1, 2),
(313, 147, 1, 0, 6, 30, 25, -1, 2),
(314, 148, 1, 0, 6, 27, 26, -1, 2),
(315, 149, 1, 0, 5, 27, 21, -1, 2),
(316, 150, 1, 0, 6, 25, 21, 0, 2),
(317, 151, 1, 0, 5, 25, 21, -1, 2),
(318, 152, 1, 0, 6, 15, 10, 0, 2),
(319, 153, 1, 0, 6, 15, 10, -1, 2),
(320, 154, 1, 0, 1, 20, 20, -1, 3),
(321, 155, 1, 0, 1, 20, 7, -1, 3),
(322, 156, 1, 0, 4, 20, 6, -1, 3),
(323, 157, 1, 0, 5, 20, 2, -1, 3),
(324, 158, 1, 0, 5, 40, 38, -1, 3),
(325, 159, 1, 0, 5, 40, 7, -1, 3),
(326, 159, 1, 0, 4, 40, 18, -1, 3),
(327, 160, 1, 0, 5, 48, 46, -1, 3),
(328, 160, 1, 0, 5, 45, 45, -1, 3),
(329, 160, 1, 0, 5, 49, 49, -1, 3),
(330, 160, 1, 0, 5, 41, 41, -1, 3),
(331, 160, 1, 0, 5, 42, 42, -1, 3),
(332, 161, 1, 0, 5, 40, 12, -1, 3),
(333, 161, 1, 0, 5, 40, 29, -1, 3),
(334, 161, 1, 0, 5, 40, 13, -1, 3),
(335, 161, 1, 0, 5, 40, 36, -1, 3),
(336, 161, 1, 0, 5, 40, 38, -1, 3),
(337, 161, 1, 0, 5, 40, 40, -1, 3),
(338, 161, 1, 0, 5, 40, 23, -1, 3),
(339, 162, 1, 0, 5, 40, 4, -1, 3),
(340, 163, 1, 0, 2, 20, 8, -1, 3),
(341, 164, 1, 0, 1, 5, 2, -1, 3),
(342, 165, 1, 0, 5, 20, 9, -1, 3),
(343, 166, 1, 0, 5, 55, 54, -1, 3),
(344, 166, 1, 0, 5, 53, 48, -1, 3),
(345, 167, 1, 0, 5, 50, 11, -1, 3),
(346, 168, 1, 0, 5, 50, 24, -1, 3),
(347, 169, 1, 0, 5, 53, 53, -1, 3),
(348, 169, 1, 0, 5, 53, 52, -1, 3),
(349, 169, 1, 0, 5, 53, 53, -1, 3),
(350, 169, 1, 0, 5, 53, 51, -1, 3),
(351, 169, 1, 0, 5, 53, 51, -1, 3),
(352, 169, 1, 0, 5, 53, 53, -1, 3),
(353, 169, 1, 0, 5, 53, 53, -1, 3),
(354, 169, 1, 0, 5, 53, 53, -1, 3),
(355, 170, 1, 0, 5, 50, 30, -1, 3),
(356, 171, 1, 0, 5, 56, 56, -1, 3),
(357, 171, 1, 0, 5, 55, 55, -1, 3),
(358, 171, 1, 0, 5, 55, 55, -1, 3),
(359, 172, 1, 0, 5, 50, 50, -1, 3),
(360, 173, 1, 0, 1, 10, 2, -1, 3),
(361, 174, 1, 0, 5, 55, 55, -1, 3),
(362, 174, 1, 0, 5, 51, 51, -1, 3),
(363, 174, 1, 0, 5, 51, 51, -1, 3),
(364, 174, 1, 0, 5, 51, 49, -1, 3),
(365, 175, 1, 0, 5, 50, 28, -1, 3),
(366, 176, 1, 0, 5, 50, 38, -1, 3),
(367, 176, 1, 0, 5, 50, 33, -1, 3),
(368, 176, 1, 0, 5, 50, 41, -1, 3),
(369, 176, 1, 0, 5, 50, 31, -1, 3),
(370, 176, 1, 0, 5, 50, 16, -1, 3),
(371, 176, 1, 0, 5, 50, 23, -1, 3),
(372, 177, 1, 0, 5, 50, 44, -1, 3),
(373, 177, 1, 0, 5, 51, 51, -1, 3),
(374, 177, 1, 0, 5, 51, 50, -1, 3),
(375, 177, 1, 0, 5, 52, 50, -1, 3),
(376, 177, 1, 0, 5, 53, 51, -1, 3),
(377, 177, 1, 0, 5, 51, 50, -1, 3),
(378, 177, 1, 0, 5, 52, 50, -1, 3),
(379, 177, 1, 0, 5, 51, 50, -1, 3),
(380, 177, 1, 0, 5, 50, 49, -1, 3),
(381, 178, 1, 0, 5, 50, 14, -1, 3),
(382, 179, 1, 0, 5, 50, 23, -1, 3),
(383, 179, 1, 0, 5, 50, 34, -1, 3),
(384, 180, 1, 0, 5, 40, 4, -1, 3),
(385, 181, 1, 0, 3, 20, 11, -1, 3),
(386, 182, 1, 0, 5, 40, 37, -1, 3),
(387, 183, 1, 0, 3, 30, 23, -1, 3),
(388, 183, 1, 0, 3, 27, 27, -1, 3),
(389, 184, 1, 0, 5, 45, 45, -1, 3),
(390, 185, 1, 0, 3, 20, 6, -1, 3),
(391, 186, 1, 0, 5, 40, 6, -1, 3),
(392, 187, 1, 0, 3, 30, 30, -1, 3),
(393, 188, 1, 0, 5, 40, 30, -1, 3),
(394, 189, 1, 0, 3, 20, 4, -1, 3),
(395, 190, 1, 0, 5, 40, 29, -1, 3),
(396, 191, 1, 0, 5, 40, 11, -1, 3),
(397, 192, 1, 0, 5, 40, 7, -1, 3),
(398, 193, 1, 0, 3, 30, 29, -1, 3),
(399, 194, 1, 0, 5, 40, 30, -1, 3),
(400, 195, 1, 0, 3, 26, 25, -1, 3),
(401, 196, 1, 0, 5, 40, 31, -1, 3),
(402, 197, 1, 0, 3, 25, 17, -1, 3),
(403, 197, 1, 0, 3, 20, 13, -1, 3),
(404, 198, 1, 0, 5, 40, 18, -1, 3),
(405, 199, 1, 0, 2, 30, 22, -1, 3),
(406, 199, 1, 0, 2, 30, 30, -1, 3),
(407, 200, 1, 0, 5, 40, 36, -1, 3),
(408, 201, 1, 0, 3, 25, 21, -1, 3),
(409, 201, 1, 0, 3, 20, 16, -1, 3),
(410, 202, 1, 0, 5, 41, 41, -1, 3),
(411, 203, 1, 0, 2, 20, 18, -1, 3),
(412, 203, 1, 0, 2, 20, 14, -1, 3),
(413, 204, 1, 0, 5, 40, 18, -1, 3),
(414, 205, 1, 0, 3, 30, 22, -1, 3),
(415, 205, 1, 0, 3, 30, 27, -1, 3),
(416, 206, 1, 0, 5, 50, 50, -1, 3),
(417, 207, 1, 0, 2, 25, 21, -1, 3),
(418, 208, 1, 0, 3, 25, 21, -1, 3),
(419, 209, 1, 0, 2, 25, 23, -1, 3),
(420, 210, 1, 0, 5, 50, 50, -1, 3),
(421, 211, 1, 0, 3, 15, 15, -1, 3),
(422, 211, 1, 0, 3, 15, 11, -1, 3),
(423, 212, 1, 0, 5, 40, 19, -1, 3),
(424, 213, 1, 0, 3, 25, 20, -1, 3),
(425, 214, 1, 0, 5, 40, 26, -1, 3),
(426, 215, 1, 0, 5, 40, 38, -1, 3),
(427, 216, 1, 0, 3, 20, 17, -1, 3),
(428, 216, 1, 0, 3, 20, 11, -1, 3),
(429, 217, 1, 0, 4, 30, 22, -1, 3),
(430, 217, 1, 0, 4, 30, 15, -1, 3),
(431, 218, 1, 0, 5, 30, 5, -1, 3),
(432, 218, 1, 0, 6, 30, 12, -1, 3),
(433, 219, 1, 0, 4, 30, 17, -1, 3),
(434, 219, 1, 0, 6, 30, 18, -1, 3),
(435, 220, 1, 0, 2, 20, 16, -1, 3),
(436, 220, 1, 0, 2, 20, 11, -1, 3),
(437, 221, 1, 0, 5, 30, 12, -1, 3),
(438, 221, 1, 0, 4, 30, 25, -1, 3),
(439, 222, 1, 0, 3, 20, 12, -1, 3),
(440, 222, 1, 0, 3, 20, 16, -1, 3),
(441, 223, 1, 0, 4, 40, 27, -1, 3),
(442, 224, 1, 0, 4, 40, 40, -1, 3),
(443, 225, 1, 0, 4, 30, 25, -1, 3),
(444, 225, 1, 0, 4, 30, 28, -1, 3),
(445, 226, 1, 0, 5, 40, 30, -1, 3),
(446, 227, 1, 0, 5, 40, 20, -1, 3),
(447, 228, 1, 0, 5, 50, 50, -1, 3),
(448, 229, 1, 0, 5, 35, 31, -1, 3),
(449, 230, 1, 0, 5, 40, 23, -1, 3),
(450, 231, 1, 0, 5, 20, 3, -1, 3),
(451, 232, 1, 0, 5, 51, 51, -1, 3),
(452, 232, 1, 0, 5, 52, 43, -1, 3),
(453, 233, 1, 0, 5, 40, 33, -1, 3),
(454, 234, 1, 0, 5, 40, 38, -1, 3),
(455, 235, 1, 0, 3, 30, 26, 0, 3),
(456, 235, 1, 0, 6, 35, 35, -1, 3),
(457, 235, 1, 0, 3, 32, 32, -1, 3),
(458, 236, 1, 0, 5, 30, 26, -1, 3),
(459, 236, 1, 0, 6, 35, 35, -1, 3),
(460, 236, 1, 0, 5, 32, 32, -1, 3),
(461, 237, 1, 0, 3, 35, 35, 0, 3),
(462, 237, 1, 0, 3, 33, 25, -1, 3),
(463, 237, 1, 0, 3, 33, 22, -1, 3),
(464, 238, 1, 0, 5, 35, 35, -1, 3),
(465, 238, 1, 0, 5, 33, 25, -1, 3),
(466, 238, 1, 0, 6, 33, 22, -1, 3),
(467, 239, 1, 0, 5, 45, 44, -1, 3),
(468, 239, 1, 0, 5, 45, 39, -1, 3),
(469, 240, 1, 0, 5, 45, 45, -1, 3),
(470, 240, 1, 0, 4, 40, 40, -1, 3),
(471, 241, 1, 0, 7, 32, 32, -1, 3),
(472, 241, 1, 0, 7, 31, 29, -1, 3),
(473, 242, 1, 0, 5, 31, 31, -1, 3),
(474, 242, 1, 0, 5, 30, 23, -1, 3),
(475, 243, 1, 0, 3, 35, 35, -1, 3),
(476, 243, 1, 0, 3, 36, 36, -1, 3),
(477, 244, 1, 0, 4, 35, 31, -1, 3),
(478, 244, 1, 0, 5, 35, 32, -1, 3),
(479, 244, 1, 0, 5, 35, 26, -1, 3),
(480, 245, 1, 0, 3, 36, 36, 0, 3),
(481, 245, 1, 0, 3, 31, 31, 0, 3),
(482, 245, 1, 0, 4, 36, 36, 0, 3),
(483, 246, 1, 0, 3, 36, 36, -1, 3),
(484, 246, 1, 0, 3, 31, 31, -1, 3),
(485, 246, 1, 0, 4, 36, 36, -1, 3),
(486, 247, 1, 0, 7, 30, 25, -1, 3),
(487, 247, 1, 0, 7, 30, 30, 0, 3),
(488, 247, 1, 0, 7, 30, 30, 0, 3),
(489, 248, 1, 0, 5, 30, 25, -1, 3),
(490, 248, 1, 0, 5, 30, 30, -1, 3),
(491, 248, 1, 0, 4, 30, 30, -1, 3),
(492, 249, 1, 0, 5, 30, 16, -1, 3),
(493, 249, 1, 0, 5, 30, 28, -1, 3),
(494, 250, 1, 0, 3, 36, 36, 0, 3),
(495, 250, 1, 0, 3, 36, 36, 0, 3),
(496, 250, 1, 0, 3, 35, 35, 0, 3),
(497, 251, 1, 0, 3, 36, 36, -1, 3),
(498, 251, 1, 0, 3, 36, 36, -1, 3),
(499, 251, 1, 0, 3, 35, 35, -1, 3),
(500, 252, 1, 0, 3, 35, 29, 0, 3),
(501, 252, 1, 0, 3, 35, 22, -1, 3),
(502, 252, 1, 0, 3, 35, 32, 0, 3),
(503, 252, 1, 0, 3, 35, 29, 0, 3),
(504, 253, 1, 0, 3, 35, 29, -1, 3),
(505, 253, 1, 0, 3, 35, 22, -1, 3),
(506, 253, 1, 0, 3, 35, 32, -1, 3),
(507, 253, 1, 0, 3, 35, 29, -1, 3),
(508, 254, 1, 0, 7, 30, 29, -1, 3),
(509, 254, 1, 0, 7, 32, 32, -1, 3),
(510, 255, 1, 0, 4, 30, 21, -1, 3),
(511, 255, 1, 0, 5, 31, 31, -1, 3),
(512, 256, 1, 0, 7, 35, 30, 0, 3),
(513, 256, 1, 0, 7, 35, 31, 0, 3),
(514, 256, 1, 0, 7, 30, 30, 0, 3),
(515, 257, 1, 0, 5, 35, 30, -1, 3),
(516, 257, 1, 0, 5, 35, 31, -1, 3),
(517, 257, 1, 0, 4, 30, 30, -1, 3),
(518, 258, 1, 0, 4, 40, 40, -1, 3),
(519, 258, 1, 0, 3, 36, 36, 0, 3),
(520, 258, 1, 0, 3, 36, 36, 0, 3),
(521, 258, 1, 0, 3, 37, 37, -1, 3),
(522, 258, 1, 0, 3, 36, 36, 0, 3),
(523, 259, 1, 0, 4, 40, 40, -1, 3),
(524, 259, 1, 0, 3, 36, 36, -1, 3),
(525, 259, 1, 0, 3, 36, 36, -1, 3),
(526, 259, 1, 0, 3, 37, 37, -1, 3),
(527, 259, 1, 0, 3, 36, 36, -1, 3),
(528, 260, 1, 0, 6, 50, 34, -1, 3),
(529, 260, 1, 0, 5, 52, 51, -1, 3),
(530, 260, 1, 0, 5, 50, 44, -1, 3),
(531, 260, 1, 0, 5, 51, 51, -1, 3),
(532, 261, 1, 0, 7, 36, 35, -1, 3),
(533, 261, 1, 0, 7, 42, 42, -1, 3),
(534, 261, 1, 0, 7, 43, 43, -1, 3),
(535, 262, 1, 0, 6, 36, 35, -1, 3),
(536, 262, 1, 0, 5, 41, 41, -1, 3),
(537, 262, 1, 0, 4, 42, 42, -1, 3),
(538, 263, 1, 0, 5, 45, 44, -1, 3),
(539, 263, 1, 0, 6, 37, 35, -1, 3),
(540, 263, 1, 0, 5, 47, 46, -1, 3),
(541, 264, 1, 0, 4, 35, 31, 0, 3),
(542, 265, 1, 0, 4, 35, 31, -1, 3),
(543, 266, 1, 0, 4, 40, 40, 0, 3),
(544, 266, 1, 0, 4, 40, 36, 0, 3),
(545, 266, 1, 0, 3, 35, 34, 0, 3),
(546, 266, 1, 0, 4, 40, 34, 0, 3),
(547, 266, 1, 0, 6, 30, 26, 0, 3),
(548, 266, 1, 0, 3, 35, 35, 0, 3),
(549, 266, 1, 0, 4, 42, 42, 0, 3),
(550, 266, 1, 0, 6, 31, 30, 0, 3),
(551, 266, 1, 0, 6, 40, 30, -1, 3),
(552, 267, 1, 0, 4, 40, 40, -1, 3),
(553, 267, 1, 0, 4, 40, 36, -1, 3),
(554, 267, 1, 0, 3, 35, 34, -1, 3),
(555, 267, 1, 0, 4, 40, 34, -1, 3),
(556, 267, 1, 0, 6, 30, 26, -1, 3),
(557, 267, 1, 0, 3, 35, 35, -1, 3),
(558, 267, 1, 0, 4, 42, 42, -1, 3),
(559, 267, 1, 0, 6, 31, 30, -1, 3),
(560, 267, 1, 0, 6, 40, 30, -1, 3),
(561, 268, 1, 0, 3, 33, 32, 0, 3),
(562, 268, 1, 0, 2, 34, 34, 0, 3),
(563, 268, 1, 0, 2, 33, 33, 0, 3),
(564, 268, 1, 0, 2, 33, 33, 0, 3),
(565, 268, 1, 0, 2, 33, 31, 0, 3),
(566, 268, 1, 0, 2, 33, 33, 0, 3),
(567, 268, 1, 0, 2, 34, 32, -1, 3),
(568, 268, 1, 0, 2, 34, 34, 0, 3),
(569, 268, 1, 0, 2, 33, 33, 0, 3),
(570, 269, 1, 0, 3, 33, 32, -1, 3),
(571, 269, 1, 0, 2, 34, 34, -1, 3),
(572, 269, 1, 0, 2, 33, 33, -1, 3),
(573, 269, 1, 0, 2, 33, 33, -1, 3),
(574, 269, 1, 0, 2, 33, 31, -1, 3),
(575, 269, 1, 0, 2, 33, 33, -1, 3),
(576, 269, 1, 0, 2, 34, 32, -1, 3),
(577, 269, 1, 0, 2, 34, 34, -1, 3),
(578, 269, 1, 0, 2, 33, 33, -1, 3),
(579, 270, 1, 0, 6, 15, 6, -1, 4),
(580, 271, 1, 0, 6, 15, 7, -1, 4),
(581, 272, 1, 0, 6, 15, 4, -1, 4),
(582, 273, 1, 0, 6, 15, 10, -1, 4),
(583, 274, 1, 0, 6, 15, 12, -1, 4),
(584, 275, 1, 0, 6, 20, 10, -1, 4),
(585, 276, 1, 0, 6, 30, 18, -1, 4),
(586, 277, 1, 0, 5, 30, 29, -1, 4),
(587, 277, 1, 0, 6, 30, 20, -1, 4),
(588, 277, 1, 0, 6, 30, 15, -1, 4),
(589, 277, 1, 0, 5, 30, 25, -1, 4),
(590, 277, 1, 0, 1, 30, 25, -1, 4),
(591, 277, 1, 0, 6, 30, 30, -1, 4),
(592, 278, 1, 0, 5, 40, 38, -1, 4),
(593, 279, 1, 0, 5, 40, 28, -1, 4),
(594, 279, 1, 0, 6, 41, 41, -1, 4),
(595, 280, 1, 0, 5, 52, 52, -1, 4),
(596, 280, 1, 0, 5, 51, 51, -1, 4),
(597, 280, 1, 0, 5, 51, 51, -1, 4),
(598, 280, 1, 0, 5, 50, 50, -1, 4),
(599, 280, 1, 0, 5, 56, 56, -1, 4),
(600, 281, 1, 0, 5, 50, 30, -1, 4),
(601, 282, 1, 0, 5, 50, 49, -1, 4),
(602, 282, 1, 0, 5, 50, 41, -1, 4),
(603, 282, 1, 0, 5, 50, 50, -1, 4),
(604, 283, 1, 0, 1, 15, 5, -1, 4),
(605, 284, 1, 0, 1, 15, 4, -1, 4),
(606, 285, 1, 0, 6, 15, 6, -1, 4),
(607, 286, 1, 0, 4, 22, 21, -1, 4),
(608, 286, 1, 0, 4, 20, 20, -1, 4),
(609, 287, 1, 0, 1, 20, 13, -1, 4),
(610, 288, 1, 0, 4, 20, 17, -1, 4),
(611, 289, 1, 0, 1, 20, 20, -1, 4),
(612, 290, 1, 0, 1, 20, 20, -1, 4),
(613, 291, 1, 0, 1, 20, 18, -1, 4),
(614, 292, 1, 0, 4, 20, 6, -1, 4),
(615, 293, 1, 0, 4, 20, 2, -1, 4),
(616, 294, 1, 0, 1, 20, 18, -1, 4),
(617, 295, 1, 0, 2, 20, 16, -1, 4),
(618, 296, 1, 0, 1, 20, 6, -1, 4),
(619, 297, 1, 0, 1, 20, 16, -1, 4),
(620, 297, 1, 0, 4, 20, 19, -1, 4),
(621, 298, 1, 0, 4, 20, 18, -1, 4),
(622, 299, 1, 0, 1, 20, 8, -1, 4),
(623, 300, 1, 0, 1, 20, 18, -1, 4),
(624, 301, 1, 0, 1, 20, 14, -1, 4),
(625, 301, 1, 0, 1, 23, 21, -1, 4),
(626, 302, 1, 0, 4, 20, 13, -1, 4),
(627, 303, 1, 0, 1, 20, 7, -1, 4),
(628, 303, 1, 0, 1, 20, 19, -1, 4),
(629, 304, 1, 0, 1, 21, 20, -1, 4),
(630, 305, 1, 0, 4, 20, 19, -1, 4),
(631, 306, 1, 0, 4, 23, 21, -1, 4),
(632, 307, 1, 0, 4, 25, 23, -1, 4),
(633, 308, 1, 0, 4, 31, 29, -1, 4),
(634, 308, 1, 0, 4, 30, 30, -1, 4),
(635, 309, 1, 0, 4, 21, 20, -1, 4),
(636, 309, 1, 0, 4, 20, 20, -1, 4),
(637, 310, 1, 0, 1, 20, 3, -1, 4),
(638, 311, 1, 0, 1, 20, 4, -1, 4),
(639, 312, 1, 0, 4, 20, 3, -1, 4),
(640, 313, 1, 0, 1, 20, 4, -1, 4),
(641, 314, 1, 0, 1, 20, 4, -1, 4),
(642, 315, 1, 0, 1, 20, 4, -1, 4),
(643, 316, 1, 0, 4, 20, 2, -1, 4),
(644, 317, 1, 0, 4, 20, 4, -1, 4),
(645, 318, 1, 0, 1, 20, 1, -1, 4),
(646, 319, 1, 0, 4, 20, 6, -1, 4),
(647, 320, 1, 0, 4, 20, 4, -1, 4),
(648, 321, 1, 0, 1, 20, 1, -1, 4),
(649, 322, 1, 0, 4, 20, 3, -1, 4),
(650, 323, 1, 0, 1, 20, 8, -1, 4),
(651, 324, 1, 0, 4, 20, 1, 0, 4),
(652, 325, 1, 0, 4, 20, 3, -1, 4),
(653, 326, 1, 0, 6, 20, 6, -1, 4),
(654, 327, 1, 0, 1, 20, 9, -1, 4),
(655, 328, 1, 0, 4, 40, 12, -1, 4),
(656, 328, 1, 0, 5, 40, 14, -1, 4),
(657, 328, 1, 0, 5, 40, 5, -1, 4),
(658, 328, 1, 0, 4, 40, 13, -1, 4),
(659, 328, 1, 0, 4, 40, 12, -1, 4),
(660, 329, 1, 0, 6, 40, 35, -1, 4),
(661, 329, 1, 0, 4, 40, 33, -1, 4),
(662, 329, 1, 0, 6, 40, 36, -1, 4),
(663, 329, 1, 0, 5, 40, 39, -1, 4),
(664, 330, 1, 0, 6, 20, 16, -1, 4),
(665, 331, 1, 0, 6, 30, 6, -1, 4),
(666, 332, 1, 0, 1, 30, 11, -1, 4),
(667, 333, 1, 0, 6, 30, 14, -1, 4),
(668, 334, 1, 0, 6, 20, 9, -1, 4),
(669, 335, 1, 0, 1, 20, 19, -1, 4),
(670, 336, 1, 0, 6, 20, 15, -1, 4),
(671, 337, 1, 0, 1, 30, 30, -1, 4),
(672, 338, 1, 0, 5, 46, 42, -1, 4),
(673, 338, 1, 0, 5, 46, 46, -1, 4),
(674, 338, 1, 0, 5, 46, 46, -1, 4),
(675, 338, 1, 0, 5, 46, 46, -1, 4),
(676, 338, 1, 0, 5, 46, 46, -1, 4),
(677, 338, 1, 0, 6, 46, 46, -1, 4),
(678, 338, 1, 0, 5, 46, 44, -1, 4),
(679, 338, 1, 0, 5, 46, 45, -1, 4),
(680, 338, 1, 0, 5, 46, 44, -1, 4),
(681, 338, 1, 0, 5, 46, 46, -1, 4),
(682, 338, 1, 0, 5, 46, 44, -1, 4),
(683, 338, 1, 0, 5, 46, 45, -1, 4),
(684, 338, 1, 0, 5, 46, 44, -1, 4),
(685, 338, 1, 0, 6, 46, 43, -1, 4),
(686, 339, 1, 0, 5, 46, 46, -1, 4),
(687, 339, 1, 0, 5, 46, 46, -1, 4),
(688, 339, 1, 0, 5, 46, 46, -1, 4),
(689, 339, 1, 0, 5, 47, 47, -1, 4),
(690, 339, 1, 0, 5, 46, 46, -1, 4),
(691, 339, 1, 0, 5, 48, 48, -1, 4),
(692, 339, 1, 0, 5, 46, 46, -1, 4),
(693, 339, 1, 0, 5, 46, 45, -1, 4),
(694, 339, 1, 0, 5, 46, 46, -1, 4),
(695, 339, 1, 0, 5, 47, 47, -1, 4),
(696, 339, 1, 0, 5, 48, 48, -1, 4),
(697, 339, 1, 0, 5, 46, 45, -1, 4),
(698, 339, 1, 0, 5, 47, 47, -1, 4),
(699, 339, 1, 0, 5, 46, 46, -1, 4),
(700, 340, 1, 0, 5, 42, 41, -1, 4),
(701, 340, 1, 0, 5, 42, 41, -1, 4),
(702, 340, 1, 0, 5, 42, 39, -1, 4),
(703, 340, 1, 0, 5, 41, 41, -1, 4),
(704, 340, 1, 0, 5, 41, 36, -1, 4),
(705, 340, 1, 0, 5, 42, 42, -1, 4),
(706, 340, 1, 0, 5, 42, 39, -1, 4),
(707, 340, 1, 0, 5, 42, 40, -1, 4),
(708, 340, 1, 0, 5, 42, 42, -1, 4),
(709, 340, 1, 0, 5, 43, 42, -1, 4),
(710, 340, 1, 0, 5, 42, 41, -1, 4),
(711, 340, 1, 0, 5, 42, 37, -1, 4),
(712, 340, 1, 0, 5, 42, 42, -1, 4),
(713, 340, 1, 0, 5, 42, 42, -1, 4),
(714, 341, 1, 0, 1, 30, 15, -1, 4),
(715, 342, 1, 0, 6, 36, 35, -1, 4),
(716, 343, 1, 0, 1, 30, 14, -1, 4),
(717, 344, 1, 0, 6, 30, 25, -1, 4),
(718, 345, 1, 0, 4, 30, 14, -1, 4),
(719, 346, 1, 0, 1, 30, 14, -1, 4),
(720, 347, 1, 0, 5, 30, 8, -1, 4),
(721, 348, 1, 0, 6, 30, 13, -1, 4),
(722, 349, 1, 0, 1, 30, 15, -1, 4),
(723, 350, 1, 0, 6, 30, 2, -1, 4),
(724, 351, 1, 0, 4, 30, 27, -1, 4),
(725, 352, 1, 0, 1, 30, 18, -1, 4),
(726, 353, 1, 0, 1, 20, 20, -1, 4),
(727, 353, 1, 0, 1, 20, 16, -1, 4),
(728, 354, 1, 0, 6, 20, 4, -1, 4),
(729, 355, 1, 0, 6, 23, 23, -1, 4),
(730, 356, 1, 0, 1, 18, 18, -1, 4),
(731, 357, 1, 0, 2, 20, 13, -1, 4),
(732, 358, 1, 0, 6, 20, 8, -1, 4),
(733, 359, 1, 0, 6, 30, 20, -1, 4),
(734, 360, 1, 0, 6, 30, 27, -1, 4),
(735, 361, 1, 0, 6, 30, 23, -1, 4),
(736, 362, 1, 0, 6, 15, 6, -1, 4),
(737, 363, 1, 0, 1, 20, 2, -1, 4),
(738, 364, 1, 0, 1, 20, 16, -1, 4),
(739, 365, 1, 0, 6, 20, 20, -1, 4),
(740, 366, 1, 0, 1, 22, 22, -1, 4),
(741, 367, 1, 0, 6, 20, 10, -1, 4),
(742, 368, 1, 0, 5, 20, 9, -1, 4),
(743, 369, 1, 0, 6, 20, 10, -1, 4),
(744, 370, 1, 0, 6, 15, 12, -1, 4),
(745, 371, 1, 0, 6, 30, 21, -1, 4),
(746, 372, 1, 0, 6, 30, 24, -1, 4),
(747, 373, 1, 0, 5, 30, 30, -1, 4),
(748, 374, 1, 0, 6, 30, 22, -1, 4),
(749, 375, 1, 0, 6, 15, 12, -1, 4),
(750, 375, 1, 0, 4, 15, 15, -1, 4),
(751, 376, 1, 0, 2, 15, 14, -1, 4),
(752, 377, 1, 0, 6, 31, 30, -1, 4),
(753, 378, 1, 0, 1, 15, 15, -1, 4),
(754, 378, 1, 0, 6, 17, 17, -1, 4),
(755, 379, 1, 0, 5, 35, 5, -1, 4),
(756, 379, 1, 0, 6, 35, 34, -1, 4),
(757, 379, 1, 0, 5, 35, 35, -1, 4),
(758, 379, 1, 0, 5, 35, 35, -1, 4),
(759, 379, 1, 0, 5, 35, 9, -1, 4),
(760, 379, 1, 0, 6, 27, 27, -1, 4),
(761, 379, 1, 0, 6, 35, 35, -1, 4),
(762, 379, 1, 0, 5, 35, 31, -1, 4),
(763, 379, 1, 0, 4, 35, 35, -1, 4),
(764, 379, 1, 0, 5, 35, 35, -1, 4),
(765, 379, 1, 0, 5, 35, 33, -1, 4),
(766, 379, 1, 0, 6, 35, 35, -1, 4),
(767, 380, 1, 0, 6, 30, 25, -1, 4),
(768, 381, 1, 0, 1, 20, 20, -1, 4),
(769, 382, 1, 0, 1, 20, 10, -1, 4),
(770, 383, 1, 0, 5, 50, 30, -1, 4),
(771, 383, 1, 0, 5, 50, 45, -1, 4),
(772, 383, 1, 0, 5, 51, 50, -1, 4),
(773, 383, 1, 0, 5, 50, 48, -1, 4),
(774, 384, 1, 0, 5, 30, 29, -1, 4),
(775, 384, 1, 0, 6, 30, 29, -1, 4),
(776, 384, 1, 0, 6, 30, 29, -1, 4),
(777, 384, 1, 0, 1, 30, 25, -1, 4),
(778, 385, 1, 0, 5, 50, 17, -1, 4),
(779, 385, 1, 0, 5, 50, 50, -1, 4),
(780, 386, 1, 0, 5, 36, 36, -1, 4),
(781, 386, 1, 0, 5, 35, 33, -1, 4),
(782, 386, 1, 0, 5, 35, 35, -1, 4),
(783, 386, 1, 0, 5, 35, 35, -1, 4),
(784, 386, 1, 0, 5, 35, 34, -1, 4),
(785, 386, 1, 0, 5, 35, 30, -1, 4),
(786, 386, 1, 0, 5, 35, 29, -1, 4),
(787, 387, 1, 0, 6, 20, 9, -1, 4),
(788, 388, 1, 0, 6, 20, 16, -1, 4),
(789, 389, 1, 0, 1, 20, 10, -1, 4),
(790, 390, 1, 0, 6, 20, 13, -1, 4),
(791, 391, 1, 0, 6, 20, 11, -1, 4),
(792, 392, 1, 0, 6, 20, 20, -1, 4),
(793, 393, 1, 0, 1, 20, 19, -1, 4),
(794, 394, 1, 0, 5, 40, 6, -1, 4),
(795, 394, 1, 0, 5, 40, 6, -1, 4),
(796, 394, 1, 0, 5, 40, 40, -1, 4),
(797, 394, 1, 0, 5, 40, 40, -1, 4),
(798, 394, 1, 0, 5, 40, 36, -1, 4),
(799, 394, 1, 0, 5, 41, 41, -1, 4),
(800, 394, 1, 0, 5, 41, 41, -1, 4),
(801, 394, 1, 0, 5, 40, 40, -1, 4),
(802, 394, 1, 0, 5, 42, 42, -1, 4),
(803, 395, 1, 0, 5, 50, 36, -1, 4),
(804, 396, 1, 0, 1, 20, 19, -1, 5),
(805, 397, 1, 0, 1, 21, 21, -1, 5),
(806, 398, 1, 0, 5, 20, 5, 0, 5),
(807, 399, 1, 0, 1, 20, 13, -1, 5),
(808, 400, 1, 0, 1, 20, 18, -1, 5),
(809, 401, 1, 0, 1, 26, 25, -1, 5),
(810, 402, 1, 0, 1, 20, 20, -1, 5),
(811, 402, 1, 0, 4, 43, 43, -1, 5),
(812, 403, 1, 0, 4, 40, 21, -1, 5),
(813, 404, 1, 0, 4, 40, 31, -1, 5),
(814, 405, 1, 0, 4, 40, 12, -1, 5),
(815, 405, 1, 0, 4, 40, 30, -1, 5),
(816, 406, 1, 0, 4, 40, 29, -1, 5),
(817, 407, 1, 0, 4, 41, 41, -1, 5),
(818, 407, 1, 0, 5, 46, 45, -1, 5),
(819, 408, 1, 0, 4, 41, 41, -1, 5),
(820, 408, 1, 0, 4, 40, 16, -1, 5),
(821, 409, 1, 0, 1, 21, 21, -1, 5),
(822, 409, 1, 0, 5, 40, 22, -1, 5),
(823, 409, 1, 0, 5, 40, 36, -1, 5),
(824, 410, 1, 0, 5, 45, 45, -1, 5),
(825, 411, 1, 0, 5, 40, 38, -1, 5),
(826, 411, 1, 0, 5, 40, 31, -1, 5),
(827, 412, 1, 0, 5, 40, 32, -1, 5),
(828, 412, 1, 0, 5, 40, 40, -1, 5),
(829, 413, 1, 0, 1, 20, 11, -1, 5),
(830, 414, 1, 0, 4, 45, 35, -1, 5),
(831, 414, 1, 0, 4, 40, 38, -1, 5),
(832, 414, 1, 0, 4, 41, 41, -1, 5),
(833, 414, 1, 0, 4, 40, 40, -1, 5),
(834, 415, 1, 0, 4, 40, 35, -1, 5),
(835, 415, 1, 0, 4, 40, 8, -1, 5),
(836, 415, 1, 0, 4, 40, 26, -1, 5),
(837, 416, 1, 0, 4, 40, 40, -1, 5),
(838, 416, 1, 0, 4, 40, 40, -1, 5),
(839, 417, 1, 0, 5, 40, 24, -1, 5),
(840, 417, 1, 0, 4, 40, 36, -1, 5),
(841, 417, 1, 0, 4, 40, 39, -1, 5),
(842, 418, 1, 0, 4, 40, 16, -1, 5),
(843, 418, 1, 0, 4, 40, 27, -1, 5),
(844, 418, 1, 0, 4, 40, 28, -1, 5),
(845, 419, 1, 0, 4, 40, 17, -1, 5),
(846, 419, 1, 0, 4, 40, 34, -1, 5),
(847, 419, 1, 0, 5, 40, 40, -1, 5),
(848, 420, 1, 0, 4, 40, 40, -1, 5),
(849, 420, 1, 0, 4, 40, 37, -1, 5),
(850, 420, 1, 0, 4, 40, 28, -1, 5),
(851, 421, 1, 0, 5, 45, 45, -1, 5),
(852, 421, 1, 0, 5, 45, 45, -1, 5),
(853, 421, 1, 0, 5, 45, 45, -1, 5),
(854, 421, 1, 0, 5, 46, 46, -1, 5),
(855, 422, 1, 0, 4, 40, 40, -1, 5),
(856, 422, 1, 0, 1, 20, 20, -1, 5),
(857, 422, 1, 0, 4, 40, 40, -1, 5),
(858, 422, 1, 0, 4, 40, 34, -1, 5),
(859, 423, 1, 0, 1, 20, 17, -1, 5),
(860, 423, 1, 0, 1, 20, 20, -1, 5),
(861, 423, 1, 0, 1, 20, 12, -1, 5),
(862, 424, 1, 0, 5, 45, 45, -1, 5),
(863, 424, 1, 0, 5, 45, 45, -1, 5),
(864, 425, 1, 0, 1, 20, 20, -1, 5),
(865, 425, 1, 0, 4, 40, 23, -1, 5),
(866, 425, 1, 0, 1, 20, 19, -1, 5),
(867, 425, 1, 0, 1, 20, 19, -1, 5),
(868, 426, 1, 0, 4, 40, 29, -1, 5),
(869, 426, 1, 0, 4, 40, 25, -1, 5),
(870, 426, 1, 0, 4, 40, 40, -1, 5),
(871, 427, 1, 0, 1, 20, 10, -1, 5),
(872, 427, 1, 0, 1, 20, 12, -1, 5),
(873, 427, 1, 0, 1, 20, 19, -1, 5),
(874, 427, 1, 0, 1, 20, 15, -1, 5),
(875, 427, 1, 0, 1, 20, 18, -1, 5),
(876, 427, 1, 0, 1, 20, 11, -1, 5),
(877, 428, 1, 0, 4, 40, 32, -1, 5),
(878, 428, 1, 0, 4, 40, 36, -1, 5),
(879, 428, 1, 0, 4, 40, 36, -1, 5),
(880, 429, 1, 0, 5, 40, 14, -1, 5),
(881, 429, 1, 0, 5, 40, 15, -1, 5),
(882, 430, 1, 0, 1, 20, 0, 0, 5),
(883, 430, 1, 0, 1, 20, 16, -1, 5),
(884, 430, 1, 0, 1, 20, 17, -1, 5),
(885, 430, 1, 0, 1, 20, 20, -1, 5),
(886, 430, 1, 0, 1, 28, 20, -1, 5),
(887, 430, 1, 0, 1, 20, 0, 0, 5),
(888, 431, 1, 0, 1, 20, 7, -1, 5),
(889, 1, 2, 0, 5, 50, 39, -1, 1),
(890, 1, 2, 0, 6, 48, 48, -1, 1),
(891, 2, 2, 0, 5, 48, 48, -1, 1),
(892, 3, 2, 0, 5, 48, 48, -1, 1),
(893, 4, 2, 0, 5, 49, 49, -1, 1),
(894, 4, 2, 0, 5, 48, 47, -1, 1),
(895, 5, 2, 0, 5, 48, 46, -1, 1),
(896, 6, 2, 0, 5, 48, 48, -1, 1),
(897, 6, 2, 0, 5, 48, 48, -1, 1),
(898, 6, 2, 0, 5, 48, 48, -1, 1),
(899, 7, 2, 0, 5, 48, 47, -1, 1),
(900, 7, 2, 0, 5, 49, 49, -1, 1),
(901, 7, 2, 0, 5, 49, 48, -1, 1),
(902, 8, 2, 0, 5, 48, 48, -1, 1),
(903, 8, 2, 0, 5, 49, 48, -1, 1),
(904, 9, 2, 0, 5, 48, 48, -1, 1),
(905, 9, 2, 0, 5, 40, 19, -1, 1),
(906, 9, 2, 0, 5, 40, 15, -1, 1),
(907, 9, 2, 0, 5, 42, 42, -1, 1),
(908, 9, 2, 0, 5, 40, 7, -1, 1),
(909, 10, 2, 0, 5, 40, 26, -1, 1),
(910, 11, 2, 0, 5, 40, 21, -1, 1),
(911, 12, 2, 0, 5, 40, 10, -1, 1),
(912, 12, 2, 0, 5, 46, 45, -1, 1),
(913, 12, 2, 0, 5, 44, 43, -1, 1),
(914, 12, 2, 0, 5, 40, 35, -1, 1),
(915, 12, 2, 0, 5, 40, 38, -1, 1),
(916, 12, 2, 0, 5, 40, 39, -1, 1),
(917, 12, 2, 0, 5, 40, 38, -1, 1),
(918, 12, 2, 0, 5, 40, 12, -1, 1),
(919, 12, 2, 0, 5, 40, 27, -1, 1),
(920, 13, 2, 0, 6, 40, 10, -1, 1),
(921, 14, 2, 0, 5, 40, 0, -1, 1),
(922, 15, 2, 0, 5, 40, 0, -1, 1),
(923, 16, 2, 0, 4, 30, 24, -1, 1),
(924, 17, 2, 0, 5, 20, 6, -1, 1),
(925, 17, 2, 0, 5, 20, 11, -1, 1),
(926, 17, 2, 0, 5, 20, 6, -1, 1),
(927, 17, 2, 0, 5, 20, 14, -1, 1),
(928, 17, 2, 0, 5, 20, 3, -1, 1),
(929, 17, 2, 0, 5, 20, 13, -1, 1),
(930, 18, 2, 0, 6, 10, 0, -1, 1),
(931, 19, 2, 0, 4, 250, 234, -1, 1),
(932, 20, 2, 0, 6, 10, 0, -1, 1),
(933, 21, 2, 0, 5, 20, 8, -1, 1),
(934, 21, 2, 0, 5, 20, 8, -1, 1),
(935, 21, 2, 0, 5, 20, 11, -1, 1),
(936, 21, 2, 0, 5, 20, 11, -1, 1),
(937, 21, 2, 0, 5, 20, 11, -1, 1),
(938, 21, 2, 0, 5, 25, 17, -1, 1),
(939, 22, 2, 0, 5, 25, 22, -1, 1),
(940, 22, 2, 0, 5, 20, 10, -1, 1),
(941, 22, 2, 0, 5, 35, 27, -1, 1),
(942, 22, 2, 0, 5, 15, 0, -1, 1),
(943, 22, 2, 0, 5, 25, 18, -1, 1),
(944, 22, 2, 0, 5, 15, 14, -1, 1),
(945, 22, 2, 0, 5, 20, 18, -1, 1),
(946, 22, 2, 0, 5, 25, 22, -1, 1),
(947, 23, 2, 0, 5, 20, 10, -1, 1),
(948, 24, 2, 0, 5, 15, 0, -1, 1),
(949, 25, 2, 0, 5, 15, 11, -1, 1),
(950, 25, 2, 0, 5, 15, 7, -1, 1),
(951, 26, 2, 0, 5, 20, 0, -1, 1),
(952, 26, 2, 0, 5, 20, 13, -1, 1),
(953, 27, 2, 0, 5, 20, 7, -1, 1),
(954, 27, 2, 0, 5, 30, 26, -1, 1),
(955, 28, 2, 0, 5, 30, 28, -1, 1),
(956, 28, 2, 0, 5, 30, 29, -1, 1),
(957, 28, 2, 0, 5, 30, 30, -1, 1),
(958, 28, 2, 0, 5, 30, 29, -1, 1),
(959, 28, 2, 0, 5, 30, 30, -1, 1),
(960, 28, 2, 0, 5, 30, 29, -1, 1),
(961, 28, 2, 0, 5, 30, 29, -1, 1),
(962, 28, 2, 0, 5, 30, 29, -1, 1),
(963, 28, 2, 0, 5, 30, 28, -1, 1),
(964, 29, 2, 0, 5, 30, 30, -1, 1),
(965, 29, 2, 0, 5, 30, 30, -1, 1),
(966, 30, 2, 0, 5, 37, 37, -1, 1),
(967, 31, 2, 0, 5, 30, 0, -1, 1),
(968, 31, 2, 0, 5, 45, 36, -1, 1),
(969, 32, 2, 0, 5, 45, 36, -1, 1),
(970, 32, 2, 0, 5, 20, 18, -1, 1),
(971, 33, 2, 0, 5, 20, 18, -1, 1),
(972, 33, 2, 0, 5, 50, 14, -1, 1),
(973, 34, 2, 0, 5, 50, 10, -1, 1),
(974, 34, 2, 0, 5, 35, 33, -1, 1),
(975, 35, 2, 0, 5, 35, 33, -1, 1),
(976, 35, 2, 0, 5, 35, 28, -1, 1),
(977, 35, 2, 0, 5, 35, 9, -1, 1),
(978, 35, 2, 0, 5, 50, 34, -1, 1),
(979, 35, 2, 0, 5, 50, 23, -1, 1),
(980, 35, 2, 0, 5, 50, 15, -1, 1),
(981, 35, 2, 0, 5, 50, 0, -1, 1),
(982, 36, 2, 0, 6, 50, 20, -1, 1),
(983, 37, 2, 0, 5, 48, 43, -1, 1),
(984, 38, 2, 0, 5, 48, 47, -1, 1),
(985, 38, 2, 0, 5, 48, 46, -1, 1),
(986, 39, 2, 0, 5, 48, 47, -1, 1),
(987, 40, 2, 0, 5, 48, 48, -1, 1),
(988, 40, 2, 0, 5, 48, 37, -1, 1),
(989, 41, 2, 0, 5, 48, 36, -1, 1),
(990, 42, 2, 0, 5, 48, 48, -1, 1),
(991, 42, 2, 0, 5, 48, 32, -1, 1),
(992, 43, 2, 0, 5, 51, 50, -1, 1),
(993, 43, 2, 0, 5, 51, 50, -1, 1),
(994, 44, 2, 0, 5, 51, 51, -1, 1),
(995, 44, 2, 0, 5, 50, 49, -1, 1),
(996, 44, 2, 0, 5, 50, 49, -1, 1),
(997, 44, 2, 0, 5, 50, 50, -1, 1),
(998, 44, 2, 0, 5, 50, 50, -1, 1),
(999, 44, 2, 0, 5, 51, 48, -1, 1),
(1000, 44, 2, 0, 5, 48, 48, -1, 1),
(1001, 44, 2, 0, 5, 48, 48, -1, 1),
(1002, 45, 2, 0, 6, 49, 49, -1, 1),
(1003, 46, 2, 0, 6, 48, 46, -1, 1),
(1004, 47, 2, 0, 6, 48, 47, -1, 1),
(1005, 48, 2, 0, 6, 48, 47, -1, 1),
(1006, 49, 2, 0, 5, 48, 47, -1, 1),
(1007, 50, 2, 0, 4, 45, 39, -1, 1),
(1008, 51, 2, 0, 5, 47, 47, -1, 1),
(1009, 52, 2, 0, 5, 45, 45, -1, 1),
(1010, 53, 2, 0, 6, 45, 28, -1, 1),
(1011, 54, 2, 0, 6, 46, 45, -1, 1),
(1012, 55, 2, 0, 4, 45, 39, -1, 1),
(1013, 56, 2, 0, 6, 25, 17, -1, 1),
(1014, 57, 2, 0, 6, 26, 25, -1, 1),
(1015, 58, 2, 0, 4, 20, 13, -1, 1),
(1016, 58, 2, 0, 6, 21, 20, -1, 1),
(1017, 58, 2, 0, 6, 20, 0, -1, 1),
(1018, 58, 2, 0, 6, 20, 0, -1, 1),
(1019, 58, 2, 0, 5, 20, 8, -1, 1),
(1020, 58, 2, 0, 5, 35, 28, -1, 1),
(1021, 58, 2, 0, 5, 40, 37, -1, 1),
(1022, 58, 2, 0, 6, 40, 39, -1, 1),
(1023, 59, 2, 0, 4, 40, 38, -1, 1),
(1024, 59, 2, 0, 6, 40, 38, -1, 1),
(1025, 59, 2, 0, 5, 40, 40, -1, 1),
(1026, 59, 2, 0, 5, 40, 38, -1, 1),
(1027, 59, 2, 0, 6, 40, 39, -1, 1),
(1028, 59, 2, 0, 5, 40, 39, -1, 1),
(1029, 59, 2, 0, 5, 40, 37, -1, 1),
(1030, 59, 2, 0, 4, 40, 40, -1, 1),
(1031, 59, 2, 0, 4, 40, 37, -1, 1),
(1032, 59, 2, 0, 6, 40, 37, -1, 1),
(1033, 60, 2, 0, 5, 40, 39, -1, 1),
(1034, 60, 2, 0, 5, 40, 38, -1, 1),
(1035, 60, 2, 0, 4, 40, 39, -1, 1),
(1036, 61, 2, 0, 5, 40, 40, -1, 1),
(1037, 61, 2, 0, 5, 40, 38, -1, 1),
(1038, 61, 2, 0, 5, 40, 39, -1, 1),
(1039, 61, 2, 0, 5, 40, 39, -1, 1),
(1040, 61, 2, 0, 5, 40, 37, -1, 1),
(1041, 61, 2, 0, 5, 40, 40, -1, 1),
(1042, 62, 2, 0, 5, 40, 37, -1, 1),
(1043, 62, 2, 0, 5, 30, 24, -1, 1),
(1044, 62, 2, 0, 5, 30, 27, -1, 1),
(1045, 62, 2, 0, 5, 30, 19, -1, 1),
(1046, 62, 2, 0, 5, 30, 24, -1, 1),
(1047, 62, 2, 0, 5, 30, 30, -1, 1),
(1048, 62, 2, 0, 5, 30, 26, -1, 1),
(1049, 63, 2, 0, 5, 30, 27, -1, 1),
(1050, 63, 2, 0, 5, 25, 20, -1, 1),
(1051, 63, 2, 0, 5, 30, 27, -1, 1),
(1052, 63, 2, 0, 5, 30, 27, -1, 1),
(1053, 63, 2, 0, 5, 25, 16, -1, 1),
(1054, 63, 2, 0, 5, 30, 23, -1, 1),
(1055, 63, 2, 0, 5, 25, 10, -1, 1),
(1056, 63, 2, 0, 5, 20, 20, -1, 1),
(1057, 64, 2, 0, 5, 20, 20, -1, 1),
(1058, 64, 2, 0, 5, 35, 35, -1, 1),
(1059, 64, 2, 0, 5, 15, 11, -1, 1),
(1060, 64, 2, 0, 5, 16, 16, -1, 1),
(1061, 64, 2, 0, 5, 15, 10, -1, 1),
(1062, 64, 2, 0, 5, 20, 10, -1, 1),
(1063, 64, 2, 0, 5, 25, 20, -1, 1),
(1064, 64, 2, 0, 5, 25, 21, -1, 1),
(1065, 64, 2, 0, 5, 20, 15, -1, 1),
(1066, 65, 2, 0, 5, 25, 16, 0, 1),
(1067, 66, 2, 0, 5, 15, 14, -1, 1),
(1068, 67, 2, 0, 6, 20, 15, -1, 1),
(1069, 67, 2, 0, 5, 15, 11, -1, 1),
(1070, 68, 2, 0, 5, 20, 20, -1, 1),
(1071, 68, 2, 0, 5, 20, 20, -1, 1),
(1072, 69, 2, 0, 5, 20, 14, -1, 1),
(1073, 70, 2, 0, 5, 25, 23, -1, 1),
(1074, 70, 2, 0, 5, 30, 26, -1, 1),
(1075, 71, 2, 0, 5, 15, 8, -1, 1),
(1076, 71, 2, 0, 5, 25, 11, -1, 1),
(1077, 72, 2, 0, 6, 20, 8, -1, 1),
(1078, 72, 2, 0, 5, 20, 5, -1, 1),
(1079, 72, 2, 0, 5, 25, 24, -1, 1),
(1080, 72, 2, 0, 5, 20, 17, -1, 1),
(1081, 72, 2, 0, 5, 25, 9, -1, 1),
(1082, 72, 2, 0, 5, 25, 1, -1, 1),
(1083, 72, 2, 0, 5, 30, -1, -1, 1),
(1084, 73, 2, 0, 5, 36, 36, -1, 1),
(1085, 73, 2, 0, 5, 36, 36, -1, 1),
(1086, 73, 2, 0, 5, 36, 35, -1, 1),
(1087, 73, 2, 0, 5, 37, 36, -1, 1),
(1088, 73, 2, 0, 5, 35, 29, -1, 1),
(1089, 73, 2, 0, 5, 36, 35, -1, 1),
(1090, 73, 2, 0, 5, 35, 33, -1, 1),
(1091, 73, 2, 0, 5, 30, 0, -1, 1),
(1092, 73, 2, 0, 5, 36, 34, -1, 1),
(1093, 74, 2, 0, 6, 30, -1, -1, 2),
(1094, 75, 2, 0, 6, 36, 36, -1, 2),
(1095, 76, 2, 0, 6, 36, 36, -1, 2),
(1096, 77, 2, 0, 6, 36, 35, -1, 2),
(1097, 78, 2, 0, 6, 37, 36, -1, 2),
(1098, 78, 2, 0, 1, 35, 29, -1, 2),
(1099, 79, 2, 0, 1, 36, 35, -1, 2),
(1100, 80, 2, 0, 6, 36, 33, -1, 2),
(1101, 81, 2, 0, 6, 30, 0, -1, 2),
(1102, 82, 2, 0, 4, 36, 34, -1, 2),
(1103, 83, 2, 0, 6, 30, 16, -1, 2),
(1104, 84, 2, 0, 1, 30, 18, -1, 2),
(1105, 85, 2, 0, 6, 46, 46, -1, 2),
(1106, 86, 2, 0, 6, 46, 46, -1, 2),
(1107, 87, 2, 0, 5, 48, 47, -1, 2),
(1108, 88, 2, 0, 1, 46, 46, -1, 2),
(1109, 89, 2, 0, 6, 46, 46, -1, 2),
(1110, 90, 2, 0, 6, 46, 41, 0, 2),
(1111, 91, 2, 0, 4, 46, 41, -1, 2),
(1112, 92, 2, 0, 6, 50, 50, 0, 2),
(1113, 93, 2, 0, 6, 50, 48, -1, 2),
(1114, 94, 2, 0, 6, 50, 50, -1, 2),
(1115, 95, 2, 0, 6, 50, 49, -1, 2),
(1116, 96, 2, 0, 6, 50, 45, 0, 2),
(1117, 97, 2, 0, 6, 50, 44, -1, 2),
(1118, 98, 2, 0, 6, 50, 50, -1, 2),
(1119, 99, 2, 0, 1, 50, 47, -1, 2),
(1120, 100, 2, 0, 4, 37, 33, -1, 2),
(1121, 100, 2, 0, 5, 37, 34, -1, 2),
(1122, 100, 2, 0, 5, 37, 37, 0, 2),
(1123, 100, 2, 0, 5, 37, 29, -1, 2),
(1124, 100, 2, 0, 6, 37, 35, -1, 2),
(1125, 100, 2, 0, 5, 37, 37, -1, 2),
(1126, 100, 2, 0, 5, 37, 33, -1, 2),
(1127, 100, 2, 0, 5, 37, 34, -1, 2),
(1128, 100, 2, 0, 5, 37, 37, -1, 2),
(1129, 100, 2, 0, 5, 37, 29, -1, 2),
(1130, 100, 2, 0, 5, 37, 35, -1, 2),
(1131, 100, 2, 0, 5, 37, 37, -1, 2),
(1132, 100, 2, 0, 5, 40, 34, -1, 2),
(1133, 100, 2, 0, 5, 40, 36, -1, 2),
(1134, 101, 2, 0, 1, 35, 0, -1, 2),
(1135, 102, 2, 0, 5, 40, 36, -1, 2),
(1136, 103, 2, 0, 6, 40, 34, -1, 2),
(1137, 104, 2, 0, 5, 40, 36, -1, 2),
(1138, 105, 2, 0, 2, 30, 0, -1, 2),
(1139, 106, 2, 0, 5, 40, 36, -1, 2),
(1140, 107, 2, 0, 5, 35, 0, -1, 2),
(1141, 108, 2, 0, 6, 40, 36, -1, 2),
(1142, 109, 2, 0, 5, 40, 37, -1, 2),
(1143, 110, 2, 0, 5, 30, 0, -1, 2),
(1144, 110, 2, 0, 5, 45, 43, -1, 2),
(1145, 111, 2, 0, 5, 40, 34, -1, 2),
(1146, 112, 2, 0, 4, 30, 0, -1, 2),
(1147, 113, 2, 0, 6, 43, 40, -1, 2),
(1148, 114, 2, 0, 5, 35, 35, -1, 2),
(1149, 115, 2, 0, 6, 35, 31, -1, 2),
(1150, 116, 2, 0, 1, 30, 14, -1, 2),
(1151, 117, 2, 0, 5, 30, 0, -1, 2),
(1152, 118, 2, 0, 5, 43, 40, -1, 2),
(1153, 119, 2, 0, 5, 35, 35, -1, 2),
(1154, 120, 2, 0, 6, 35, 31, -1, 2),
(1155, 121, 2, 0, 5, 30, 14, -1, 2),
(1156, 122, 2, 0, 4, 30, 0, -1, 2),
(1157, 122, 2, 0, 6, 38, 37, -1, 2),
(1158, 123, 2, 0, 6, 38, 37, -1, 2),
(1159, 124, 2, 0, 5, 38, 37, -1, 2),
(1160, 124, 2, 0, 5, 30, 0, -1, 2),
(1161, 125, 2, 0, 5, 38, 37, -1, 2),
(1162, 126, 2, 0, 6, 38, 37, -1, 2),
(1163, 126, 2, 0, 1, 38, 37, -1, 2),
(1164, 127, 2, 0, 6, 40, 38, -1, 2),
(1165, 128, 2, 0, 5, 40, 36, -1, 2),
(1166, 129, 2, 0, 4, 30, 0, -1, 2),
(1167, 129, 2, 0, 6, 50, 39, -1, 2),
(1168, 129, 2, 0, 5, 50, 28, -1, 2),
(1169, 129, 2, 0, 5, 30, -2, -1, 2),
(1170, 129, 2, 0, 5, 35, 34, -1, 2),
(1171, 129, 2, 0, 5, 35, 21, -1, 2),
(1172, 129, 2, 0, 5, 30, 10, -1, 2),
(1173, 129, 2, 0, 5, 40, 35, -1, 2),
(1174, 130, 2, 0, 5, 40, 40, -1, 2),
(1175, 130, 2, 0, 5, 40, 35, -1, 2),
(1176, 131, 2, 0, 6, 40, 35, -1, 2),
(1177, 132, 2, 0, 6, 40, 40, 0, 2),
(1178, 133, 2, 0, 1, 40, 35, -1, 2),
(1179, 134, 2, 0, 6, 40, 35, 0, 2),
(1180, 135, 2, 0, 6, 40, 29, -1, 2),
(1181, 136, 2, 0, 5, 40, 27, -1, 2),
(1182, 136, 2, 0, 6, 40, 38, -1, 2),
(1183, 136, 2, 0, 6, 40, 38, -1, 2),
(1184, 136, 2, 0, 5, 35, 35, -1, 2),
(1185, 136, 2, 0, 6, 35, 26, -1, 2),
(1186, 137, 2, 0, 5, 35, 32, -1, 2),
(1187, 138, 2, 0, 6, 35, 32, -1, 2),
(1188, 139, 2, 0, 6, 53, 53, -1, 2),
(1189, 140, 2, 0, 6, 53, 53, -1, 2),
(1190, 141, 2, 0, 6, 50, 50, -1, 2),
(1191, 142, 2, 0, 6, 50, 46, -1, 2),
(1192, 143, 2, 0, 1, 30, 0, -1, 2),
(1193, 144, 2, 0, 1, 45, 33, -1, 2),
(1194, 145, 2, 0, 6, 46, 46, -1, 2),
(1195, 146, 2, 0, 1, 46, 46, -1, 2),
(1196, 147, 2, 0, 6, 30, 0, -1, 2),
(1197, 148, 2, 0, 6, 45, 33, -1, 2),
(1198, 149, 2, 0, 5, 46, 46, -1, 2),
(1199, 150, 2, 0, 6, 46, 46, 0, 2),
(1200, 151, 2, 0, 5, 39, 23, -1, 2),
(1201, 152, 2, 0, 6, 38, 38, 0, 2),
(1202, 153, 2, 0, 6, 33, 21, -1, 2),
(1203, 154, 2, 0, 1, 39, 23, -1, 3),
(1204, 155, 2, 0, 1, 38, 38, -1, 3),
(1205, 156, 2, 0, 4, 33, 21, -1, 3),
(1206, 157, 2, 0, 5, 50, 50, -1, 3),
(1207, 158, 2, 0, 5, 51, 51, -1, 3),
(1208, 159, 2, 0, 5, 35, 17, -1, 3),
(1209, 159, 2, 0, 4, 35, 24, -1, 3),
(1210, 160, 2, 0, 5, 35, 16, -1, 3),
(1211, 160, 2, 0, 5, 50, 50, -1, 3),
(1212, 160, 2, 0, 5, 50, 46, -1, 3),
(1213, 160, 2, 0, 5, 35, 25, -1, 3),
(1214, 160, 2, 0, 5, 40, 39, -1, 3),
(1215, 161, 2, 0, 5, 30, 0, -1, 3),
(1216, 161, 2, 0, 5, 10, 0, -1, 3),
(1217, 161, 2, 0, 5, 10, 2, -1, 3),
(1218, 161, 2, 0, 5, 10, 0, -1, 3),
(1219, 161, 2, 0, 5, 10, 0, -1, 3),
(1220, 161, 2, 0, 5, 10, 4, -1, 3),
(1221, 161, 2, 0, 5, 10, 1, -1, 3),
(1222, 162, 2, 0, 5, 10, 0, -1, 3),
(1223, 163, 2, 0, 2, 10, 0, -1, 3),
(1224, 164, 2, 0, 1, 10, 0, -1, 3),
(1225, 165, 2, 0, 5, 10, 9, -1, 3),
(1226, 166, 2, 0, 5, 10, 0, -1, 3),
(1227, 166, 2, 0, 5, 10, 10, -1, 3),
(1228, 167, 2, 0, 5, 10, 0, -1, 3),
(1229, 168, 2, 0, 5, 10, 7, -1, 3),
(1230, 169, 2, 0, 5, 10, 0, -1, 3),
(1231, 169, 2, 0, 5, 10, 10, -1, 3),
(1232, 169, 2, 0, 5, 10, 0, -1, 3),
(1233, 169, 2, 0, 5, 10, 8, -1, 3),
(1234, 169, 2, 0, 5, 10, 10, -1, 3),
(1235, 169, 2, 0, 5, 10, 0, -1, 3),
(1236, 169, 2, 0, 5, 10, 0, -1, 3),
(1237, 169, 2, 0, 5, 10, 1, -1, 3),
(1238, 170, 2, 0, 5, 35, 24, -1, 3),
(1239, 171, 2, 0, 5, 35, 30, -1, 3),
(1240, 171, 2, 0, 5, 35, 17, -1, 3),
(1241, 171, 2, 0, 5, 45, 43, -1, 3),
(1242, 172, 2, 0, 5, 45, 44, -1, 3),
(1243, 173, 2, 0, 1, 45, 45, -1, 3),
(1244, 174, 2, 0, 5, 45, 44, -1, 3),
(1245, 174, 2, 0, 5, 45, 44, -1, 3),
(1246, 174, 2, 0, 5, 45, 45, -1, 3),
(1247, 174, 2, 0, 5, 45, 45, -1, 3),
(1248, 175, 2, 0, 5, 46, 44, -1, 3),
(1249, 176, 2, 0, 5, 45, 44, -1, 3),
(1250, 176, 2, 0, 5, 45, 44, -1, 3),
(1251, 176, 2, 0, 5, 45, 45, -1, 3),
(1252, 176, 2, 0, 5, 42, 41, -1, 3),
(1253, 176, 2, 0, 5, 42, 40, -1, 3),
(1254, 176, 2, 0, 5, 42, 42, -1, 3),
(1255, 177, 2, 0, 5, 42, 42, -1, 3),
(1256, 177, 2, 0, 5, 42, 40, -1, 3),
(1257, 177, 2, 0, 5, 42, 42, -1, 3),
(1258, 177, 2, 0, 5, 43, 42, -1, 3),
(1259, 177, 2, 0, 5, 42, 42, -1, 3),
(1260, 177, 2, 0, 5, 42, 38, -1, 3),
(1261, 177, 2, 0, 5, 30, 11, -1, 3),
(1262, 177, 2, 0, 5, 30, 19, -1, 3),
(1263, 177, 2, 0, 5, 30, 20, -1, 3),
(1264, 178, 2, 0, 5, 30, 17, -1, 3),
(1265, 179, 2, 0, 5, 24, 24, -1, 3),
(1266, 179, 2, 0, 5, 30, 28, -1, 3),
(1267, 180, 2, 0, 5, 30, 7, -1, 3),
(1268, 181, 2, 0, 3, 30, 16, -1, 3),
(1269, 182, 2, 0, 5, 30, 9, -1, 3),
(1270, 183, 2, 0, 3, 30, 10, -1, 3),
(1271, 183, 2, 0, 3, 30, 11, -1, 3),
(1272, 184, 2, 0, 5, 30, 0, -1, 3),
(1273, 185, 2, 0, 3, 31, 30, -1, 3),
(1274, 186, 2, 0, 5, 30, 10, -1, 3),
(1275, 187, 2, 0, 3, 30, 10, -1, 3),
(1276, 188, 2, 0, 5, 30, 30, -1, 3),
(1277, 189, 2, 0, 3, 30, 11, -1, 3),
(1278, 190, 2, 0, 5, 40, 31, -1, 3),
(1279, 191, 2, 0, 5, 42, 42, -1, 3),
(1280, 192, 2, 0, 5, 42, 20, -1, 3),
(1281, 193, 2, 0, 3, 42, 18, -1, 3),
(1282, 194, 2, 0, 5, 40, 39, -1, 3),
(1283, 195, 2, 0, 3, 42, 24, -1, 3),
(1284, 196, 2, 0, 5, 42, 19, -1, 3),
(1285, 197, 2, 0, 3, 42, 40, -1, 3),
(1286, 197, 2, 0, 3, 40, 26, -1, 3),
(1287, 198, 2, 0, 5, 40, 30, -1, 3),
(1288, 199, 2, 0, 2, 20, 19, -1, 3),
(1289, 199, 2, 0, 2, 20, 18, -1, 3),
(1290, 200, 2, 0, 5, 50, 40, -1, 3),
(1291, 201, 2, 0, 3, 42, 41, -1, 3),
(1292, 201, 2, 0, 3, 20, 14, -1, 3),
(1293, 202, 2, 0, 5, 30, 26, -1, 3),
(1294, 203, 2, 0, 2, 40, 26, -1, 3),
(1295, 203, 2, 0, 2, 15, 15, -1, 3),
(1296, 204, 2, 0, 5, 15, 8, -1, 3),
(1297, 205, 2, 0, 3, 40, 34, -1, 3),
(1298, 205, 2, 0, 3, 30, 26, -1, 3),
(1299, 206, 2, 0, 5, 20, 0, -1, 3),
(1300, 207, 2, 0, 2, 30, 28, -1, 3),
(1301, 208, 2, 0, 3, 20, 11, -1, 3),
(1302, 209, 2, 0, 2, 20, 17, -1, 3),
(1303, 210, 2, 0, 5, 20, 0, -1, 3),
(1304, 211, 2, 0, 3, 40, 31, -1, 3),
(1305, 211, 2, 0, 3, 20, 19, -1, 3),
(1306, 212, 2, 0, 5, 20, 18, -1, 3),
(1307, 213, 2, 0, 3, 40, 25, -1, 3),
(1308, 214, 2, 0, 5, 20, 20, -1, 3),
(1309, 215, 2, 0, 5, 20, 19, -1, 3),
(1310, 216, 2, 0, 3, 40, 17, -1, 3),
(1311, 216, 2, 0, 3, 20, 10, -1, 3),
(1312, 217, 2, 0, 4, 20, 17, -1, 3),
(1313, 217, 2, 0, 4, 40, 29, -1, 3),
(1314, 218, 2, 0, 5, 20, 15, -1, 3),
(1315, 218, 2, 0, 6, 25, 24, -1, 3),
(1316, 219, 2, 0, 4, 10, 8, -1, 3),
(1317, 219, 2, 0, 6, 10, 0, -1, 3),
(1318, 220, 2, 0, 2, 13, 13, -1, 3),
(1319, 220, 2, 0, 2, 10, 2, -1, 3),
(1320, 221, 2, 0, 5, 10, 1, -1, 3),
(1321, 221, 2, 0, 4, 10, 3, -1, 3),
(1322, 222, 2, 0, 3, 6, 0, -1, 3),
(1323, 222, 2, 0, 3, 40, 14, -1, 3),
(1324, 223, 2, 0, 4, 20, 14, -1, 3),
(1325, 224, 2, 0, 4, 20, 8, -1, 3),
(1326, 225, 2, 0, 4, 50, 38, -1, 3),
(1327, 225, 2, 0, 4, 30, 29, -1, 3),
(1328, 226, 2, 0, 5, 40, 16, -1, 3),
(1329, 227, 2, 0, 5, 32, 32, -1, 3),
(1330, 228, 2, 0, 5, 40, 26, -1, 3),
(1331, 229, 2, 0, 5, 40, 26, -1, 3),
(1332, 230, 2, 0, 5, 40, 5, -1, 3),
(1333, 231, 2, 0, 5, 40, 25, -1, 3),
(1334, 232, 2, 0, 5, 6, 0, -1, 3),
(1335, 232, 2, 0, 5, 6, 0, -1, 3),
(1336, 233, 2, 0, 5, 6, 0, -1, 3),
(1337, 234, 2, 0, 5, 6, 0, -1, 3),
(1338, 235, 2, 0, 3, 6, 0, 0, 3),
(1339, 235, 2, 0, 6, 6, 0, -1, 3),
(1340, 235, 2, 0, 3, 30, 21, -1, 3),
(1341, 236, 2, 0, 5, 30, 27, -1, 3),
(1342, 236, 2, 0, 6, 25, 9, -1, 3),
(1343, 236, 2, 0, 5, 30, 21, -1, 3),
(1344, 237, 2, 0, 3, 30, 23, 0, 3),
(1345, 237, 2, 0, 3, 30, 11, -1, 3),
(1346, 237, 2, 0, 3, 30, 24, -1, 3),
(1347, 238, 2, 0, 5, 30, 17, -1, 3),
(1348, 238, 2, 0, 5, 30, 28, -1, 3),
(1349, 238, 2, 0, 6, 30, 26, -1, 3),
(1350, 239, 2, 0, 5, 30, 6, -1, 3),
(1351, 239, 2, 0, 5, 30, 19, -1, 3),
(1352, 240, 2, 0, 5, 30, 14, -1, 3),
(1353, 240, 2, 0, 4, 30, 21, -1, 3),
(1354, 241, 2, 0, 7, 15, 10, -1, 3),
(1355, 241, 2, 0, 7, 50, 41, -1, 3),
(1356, 242, 2, 0, 5, 50, 44, -1, 3),
(1357, 242, 2, 0, 5, 48, 41, -1, 3),
(1358, 243, 2, 0, 3, 47, 41, -1, 3),
(1359, 243, 2, 0, 3, 50, 45, -1, 3),
(1360, 244, 2, 0, 4, 48, 42, -1, 3),
(1361, 244, 2, 0, 5, 48, 40, -1, 3),
(1362, 244, 2, 0, 5, 47, 41, -1, 3),
(1363, 245, 2, 0, 3, 47, 42, 0, 3),
(1364, 245, 2, 0, 3, 48, 43, 0, 3),
(1365, 245, 2, 0, 4, 48, 43, 0, 3),
(1366, 246, 2, 0, 3, 48, 37, -1, 3),
(1367, 246, 2, 0, 3, 47, 44, -1, 3),
(1368, 246, 2, 0, 4, 47, 43, -1, 3),
(1369, 247, 2, 0, 7, 47, 42, -1, 3),
(1370, 247, 2, 0, 7, 50, 42, 0, 3),
(1371, 247, 2, 0, 7, 50, 42, 0, 3),
(1372, 248, 2, 0, 5, 41, 41, -1, 3),
(1373, 248, 2, 0, 5, 40, 39, -1, 3),
(1374, 248, 2, 0, 4, 40, 36, -1, 3),
(1375, 249, 2, 0, 5, 40, 40, -1, 3),
(1376, 249, 2, 0, 5, 40, 35, -1, 3),
(1377, 250, 2, 0, 3, 40, 40, 0, 3),
(1378, 250, 2, 0, 3, 40, 22, 0, 3),
(1379, 250, 2, 0, 3, 40, 33, 0, 3),
(1380, 251, 2, 0, 3, 40, 31, -1, 3),
(1381, 251, 2, 0, 3, 40, 39, -1, 3),
(1382, 251, 2, 0, 3, 40, 40, -1, 3),
(1383, 252, 2, 0, 3, 40, 40, 0, 3),
(1384, 252, 2, 0, 3, 35, 0, -1, 3),
(1385, 252, 2, 0, 3, 40, 39, 0, 3),
(1386, 252, 2, 0, 3, 40, 39, 0, 3),
(1387, 253, 2, 0, 3, 40, 39, -1, 3),
(1388, 253, 2, 0, 3, 40, 37, -1, 3),
(1389, 253, 2, 0, 3, 40, 36, -1, 3),
(1390, 253, 2, 0, 3, 40, 15, -1, 3),
(1391, 254, 2, 0, 7, 41, 40, -1, 3),
(1392, 254, 2, 0, 7, 40, 25, -1, 3),
(1393, 255, 2, 0, 4, 40, 40, -1, 3),
(1394, 255, 2, 0, 5, 40, 35, -1, 3),
(1395, 256, 2, 0, 7, 40, 40, 0, 3),
(1396, 256, 2, 0, 7, 40, 38, 0, 3),
(1397, 256, 2, 0, 7, 40, 20, 0, 3),
(1398, 257, 2, 0, 5, 40, 28, -1, 3),
(1399, 257, 2, 0, 5, 40, 40, -1, 3),
(1400, 257, 2, 0, 4, 40, 40, -1, 3),
(1401, 258, 2, 0, 4, 40, 40, -1, 3),
(1402, 258, 2, 0, 3, 40, 40, 0, 3),
(1403, 258, 2, 0, 3, 40, 39, 0, 3),
(1404, 258, 2, 0, 3, 40, 16, -1, 3),
(1405, 258, 2, 0, 3, 40, 38, 0, 3),
(1406, 259, 2, 0, 4, 36, 30, -1, 3),
(1407, 259, 2, 0, 3, 30, 29, -1, 3),
(1408, 259, 2, 0, 3, 30, 19, -1, 3),
(1409, 259, 2, 0, 3, 30, 7, -1, 3),
(1410, 259, 2, 0, 3, 30, 15, -1, 3),
(1411, 260, 2, 0, 6, 30, 1, -1, 3),
(1412, 260, 2, 0, 5, 20, 5, -1, 3),
(1413, 260, 2, 0, 5, 30, 7, -1, 3),
(1414, 260, 2, 0, 5, 30, 23, -1, 3),
(1415, 261, 2, 0, 7, 30, 6, -1, 3),
(1416, 261, 2, 0, 7, 10, 7, -1, 3),
(1417, 261, 2, 0, 7, 40, 33, -1, 3),
(1418, 262, 2, 0, 6, 40, 33, -1, 3),
(1419, 262, 2, 0, 5, 40, 38, -1, 3),
(1420, 262, 2, 0, 4, 40, 33, -1, 3),
(1421, 263, 2, 0, 5, 40, 37, -1, 3),
(1422, 263, 2, 0, 6, 41, 37, -1, 3),
(1423, 263, 2, 0, 5, 41, 39, -1, 3),
(1424, 264, 2, 0, 4, 40, 40, 0, 3),
(1425, 265, 2, 0, 4, 50, 32, -1, 3),
(1426, 266, 2, 0, 4, 40, -1, 0, 3),
(1427, 266, 2, 0, 4, 40, 0, 0, 3),
(1428, 266, 2, 0, 3, 35, 32, 0, 3),
(1429, 266, 2, 0, 4, 20, 11, 0, 3),
(1430, 266, 2, 0, 6, 20, 0, 0, 3),
(1431, 266, 2, 0, 3, 20, 0, 0, 3),
(1432, 266, 2, 0, 4, 20, 16, 0, 3),
(1433, 266, 2, 0, 6, 25, 21, 0, 3),
(1434, 266, 2, 0, 6, 20, 0, -1, 3),
(1435, 267, 2, 0, 4, 25, 21, -1, 3),
(1436, 267, 2, 0, 4, 25, 14, -1, 3),
(1437, 267, 2, 0, 3, 30, 22, -1, 3),
(1438, 267, 2, 0, 4, 30, 29, -1, 3),
(1439, 267, 2, 0, 6, 30, 30, -1, 3),
(1440, 267, 2, 0, 3, 30, 27, -1, 3),
(1441, 267, 2, 0, 4, 50, 49, -1, 3),
(1442, 267, 2, 0, 6, 30, 29, -1, 3),
(1443, 267, 2, 0, 6, 30, 0, -1, 3),
(1444, 268, 2, 0, 3, 30, 0, 0, 3),
(1445, 268, 2, 0, 2, 35, 28, 0, 3),
(1446, 268, 2, 0, 2, 30, 30, 0, 3),
(1447, 268, 2, 0, 2, 20, 0, 0, 3),
(1448, 268, 2, 0, 2, 20, 0, 0, 3),
(1449, 268, 2, 0, 2, 20, 11, 0, 3),
(1450, 268, 2, 0, 2, 30, 0, -1, 3),
(1451, 268, 2, 0, 2, 20, 8, 0, 3),
(1452, 268, 2, 0, 2, 20, 6, 0, 3),
(1453, 269, 2, 0, 3, 30, 13, -1, 3),
(1454, 269, 2, 0, 2, 40, 37, -1, 3),
(1455, 269, 2, 0, 2, 40, 32, -1, 3),
(1456, 269, 2, 0, 2, 36, 36, -1, 3),
(1457, 269, 2, 0, 2, 38, 36, -1, 3),
(1458, 269, 2, 0, 2, 30, 30, -1, 3),
(1459, 269, 2, 0, 2, 35, 35, -1, 3),
(1460, 269, 2, 0, 2, 35, 0, -1, 3),
(1461, 269, 2, 0, 2, 30, 30, -1, 3),
(1462, 270, 2, 0, 6, 40, 40, -1, 4),
(1463, 271, 2, 0, 6, 15, 15, -1, 4),
(1464, 272, 2, 0, 6, 35, 34, -1, 4),
(1465, 273, 2, 0, 6, 30, 18, -1, 4),
(1466, 274, 2, 0, 6, 35, 34, -1, 4),
(1467, 275, 2, 0, 6, 30, 21, -1, 4),
(1468, 276, 2, 0, 6, 48, 47, -1, 4),
(1469, 277, 2, 0, 5, 40, 0, -1, 4),
(1470, 277, 2, 0, 6, 35, 32, -1, 4),
(1471, 277, 2, 0, 6, 35, 29, -1, 4),
(1472, 277, 2, 0, 5, 45, 43, -1, 4),
(1473, 277, 2, 0, 1, 35, 35, -1, 4),
(1474, 277, 2, 0, 6, 5, 0, -1, 4),
(1475, 278, 2, 0, 5, 5, 3, -1, 4),
(1476, 279, 2, 0, 5, 5, 4, -1, 4),
(1477, 279, 2, 0, 6, 5, 4, -1, 4),
(1478, 280, 2, 0, 5, 5, 3, -1, 4);
INSERT INTO `section` (`id`, `course_id`, `semester_id`, `department_id`, `classroom_id`, `section_capacity`, `enrolled_students`, `blocked`, `school_id`) VALUES
(1479, 280, 2, 0, 5, 5, 0, -1, 4),
(1480, 280, 2, 0, 5, 5, 1, -1, 4),
(1481, 280, 2, 0, 5, 5, 1, -1, 4),
(1482, 280, 2, 0, 5, 5, 5, -1, 4),
(1483, 281, 2, 0, 5, 5, 5, -1, 4),
(1484, 282, 2, 0, 5, 5, 4, -1, 4),
(1485, 282, 2, 0, 5, 5, 3, -1, 4),
(1486, 282, 2, 0, 5, 5, 0, -1, 4),
(1487, 283, 2, 0, 1, 30, 21, -1, 4),
(1488, 284, 2, 0, 1, 40, 25, -1, 4),
(1489, 285, 2, 0, 6, 20, 7, -1, 4),
(1490, 286, 2, 0, 4, 40, 18, -1, 4),
(1491, 286, 2, 0, 4, 26, 26, -1, 4),
(1492, 287, 2, 0, 1, 20, 0, -1, 4),
(1493, 288, 2, 0, 4, 52, 51, -1, 4),
(1494, 289, 2, 0, 1, 30, 29, -1, 4),
(1495, 290, 2, 0, 1, 20, 10, -1, 4),
(1496, 291, 2, 0, 1, 40, 6, -1, 4),
(1497, 292, 2, 0, 4, 40, 10, -1, 4),
(1498, 293, 2, 0, 4, 20, 10, -1, 4),
(1499, 294, 2, 0, 1, 40, 13, -1, 4),
(1500, 295, 2, 0, 2, 40, 12, -1, 4),
(1501, 296, 2, 0, 1, 50, 50, -1, 4),
(1502, 297, 2, 0, 1, 50, 50, -1, 4),
(1503, 297, 2, 0, 4, 50, 50, -1, 4),
(1504, 298, 2, 0, 4, 50, 48, -1, 4),
(1505, 299, 2, 0, 1, 50, 48, -1, 4),
(1506, 300, 2, 0, 1, 50, 49, -1, 4),
(1507, 301, 2, 0, 1, 50, 50, -1, 4),
(1508, 301, 2, 0, 1, 50, 50, -1, 4),
(1509, 302, 2, 0, 4, 50, 49, -1, 4),
(1510, 303, 2, 0, 1, 50, 50, -1, 4),
(1511, 303, 2, 0, 1, 49, 48, -1, 4),
(1512, 304, 2, 0, 1, 49, 49, -1, 4),
(1513, 305, 2, 0, 4, 45, 31, -1, 4),
(1514, 306, 2, 0, 4, 48, 37, -1, 4),
(1515, 307, 2, 0, 4, 49, 49, -1, 4),
(1516, 308, 2, 0, 4, 49, 49, -1, 4),
(1517, 308, 2, 0, 4, 45, 29, -1, 4),
(1518, 309, 2, 0, 4, 45, 45, -1, 4),
(1519, 309, 2, 0, 4, 35, 0, -1, 4),
(1520, 310, 2, 0, 1, 44, 43, -1, 4),
(1521, 311, 2, 0, 1, 35, 33, -1, 4),
(1522, 312, 2, 0, 4, 35, 33, -1, 4),
(1523, 313, 2, 0, 1, 35, 23, -1, 4),
(1524, 314, 2, 0, 1, 35, 30, -1, 4),
(1525, 315, 2, 0, 1, 25, 23, -1, 4),
(1526, 316, 2, 0, 4, 25, 0, -1, 4),
(1527, 317, 2, 0, 4, 25, 0, -1, 4),
(1528, 318, 2, 0, 1, 25, 14, -1, 4),
(1529, 319, 2, 0, 4, 25, 0, -1, 4),
(1530, 320, 2, 0, 4, 20, 6, -1, 4),
(1531, 321, 2, 0, 1, 15, 6, -1, 4),
(1532, 322, 2, 0, 4, 15, 7, -1, 4),
(1533, 323, 2, 0, 1, 15, 2, -1, 4),
(1534, 324, 2, 0, 4, 20, 0, 0, 4),
(1535, 325, 2, 0, 4, 20, 6, -1, 4),
(1536, 326, 2, 0, 6, 20, 7, -1, 4),
(1537, 327, 2, 0, 1, 20, 2, -1, 4),
(1538, 328, 2, 0, 4, 20, 8, -1, 4),
(1539, 328, 2, 0, 5, 15, 7, -1, 4),
(1540, 328, 2, 0, 5, 15, 3, -1, 4),
(1541, 328, 2, 0, 4, 15, 7, -1, 4),
(1542, 328, 2, 0, 4, 15, 3, -1, 4),
(1543, 329, 2, 0, 6, 20, 5, -1, 4),
(1544, 329, 2, 0, 4, 20, 5, -1, 4),
(1545, 329, 2, 0, 6, 20, 2, -1, 4),
(1546, 329, 2, 0, 5, 5, 2, -1, 4),
(1547, 330, 2, 0, 6, 5, 0, -1, 4),
(1548, 331, 2, 0, 6, 35, 34, -1, 4),
(1549, 332, 2, 0, 1, 35, 33, -1, 4),
(1550, 333, 2, 0, 6, 35, 32, -1, 4),
(1551, 334, 2, 0, 6, 35, 35, -1, 4),
(1552, 335, 2, 0, 1, 35, 33, -1, 4),
(1553, 336, 2, 0, 6, 35, 23, -1, 4),
(1554, 337, 2, 0, 1, 35, 7, -1, 4),
(1555, 338, 2, 0, 5, 35, 21, -1, 4),
(1556, 338, 2, 0, 5, 35, 9, -1, 4),
(1557, 338, 2, 0, 5, 35, 30, -1, 4),
(1558, 338, 2, 0, 5, 35, 11, -1, 4),
(1559, 338, 2, 0, 5, 35, 0, -1, 4),
(1560, 338, 2, 0, 6, 35, -2, -1, 4),
(1561, 338, 2, 0, 5, 35, 14, -1, 4),
(1562, 338, 2, 0, 5, 35, 0, -1, 4),
(1563, 338, 2, 0, 5, 20, 0, -1, 4),
(1564, 338, 2, 0, 5, 48, 48, -1, 4),
(1565, 338, 2, 0, 5, 48, 48, -1, 4),
(1566, 338, 2, 0, 5, 48, 46, -1, 4),
(1567, 338, 2, 0, 5, 48, 45, -1, 4),
(1568, 338, 2, 0, 6, 48, 47, -1, 4),
(1569, 339, 2, 0, 5, 45, 0, -1, 4),
(1570, 339, 2, 0, 5, 48, 48, -1, 4),
(1571, 339, 2, 0, 5, 54, 54, -1, 4),
(1572, 339, 2, 0, 5, 53, 53, -1, 4),
(1573, 339, 2, 0, 5, 52, 52, -1, 4),
(1574, 339, 2, 0, 5, 51, 51, -1, 4),
(1575, 339, 2, 0, 5, 52, 52, -1, 4),
(1576, 339, 2, 0, 5, 52, 52, -1, 4),
(1577, 339, 2, 0, 5, 51, 51, -1, 4),
(1578, 339, 2, 0, 5, 52, 52, -1, 4),
(1579, 339, 2, 0, 5, 52, 52, -1, 4),
(1580, 339, 2, 0, 5, 52, 52, -1, 4),
(1581, 339, 2, 0, 5, 51, 51, -1, 4),
(1582, 339, 2, 0, 5, 50, 50, -1, 4),
(1583, 340, 2, 0, 5, 45, 45, -1, 4),
(1584, 340, 2, 0, 5, 45, 39, -1, 4),
(1585, 340, 2, 0, 5, 45, 42, -1, 4),
(1586, 340, 2, 0, 5, 45, 41, -1, 4),
(1587, 340, 2, 0, 5, 45, 45, -1, 4),
(1588, 340, 2, 0, 5, 45, 45, -1, 4),
(1589, 340, 2, 0, 5, 45, 42, -1, 4),
(1590, 340, 2, 0, 5, 45, 0, -1, 4),
(1591, 340, 2, 0, 5, 45, 26, -1, 4),
(1592, 340, 2, 0, 5, 40, 40, -1, 4),
(1593, 340, 2, 0, 5, 40, 40, -1, 4),
(1594, 340, 2, 0, 5, 41, 40, -1, 4),
(1595, 340, 2, 0, 5, 40, 34, -1, 4),
(1596, 340, 2, 0, 5, 50, 42, -1, 4),
(1597, 341, 2, 0, 1, 40, 39, -1, 4),
(1598, 342, 2, 0, 6, 50, 0, -1, 4),
(1599, 343, 2, 0, 1, 48, 48, -1, 4),
(1600, 344, 2, 0, 6, 45, 38, -1, 4),
(1601, 345, 2, 0, 4, 25, 24, -1, 4),
(1602, 346, 2, 0, 1, 30, 30, -1, 4),
(1603, 347, 2, 0, 5, 20, 14, -1, 4),
(1604, 348, 2, 0, 6, 20, 18, -1, 4),
(1605, 349, 2, 0, 1, 20, 19, -1, 4),
(1606, 350, 2, 0, 6, 20, 20, -1, 4),
(1607, 351, 2, 0, 4, 20, 19, -1, 4),
(1608, 352, 2, 0, 1, 25, 25, -1, 4),
(1609, 353, 2, 0, 1, 20, 20, -1, 4),
(1610, 353, 2, 0, 1, 20, 19, -1, 4),
(1611, 354, 2, 0, 6, 25, 22, -1, 4),
(1612, 355, 2, 0, 6, 20, 20, -1, 4),
(1613, 356, 2, 0, 1, 20, 13, -1, 4),
(1614, 357, 2, 0, 2, 20, 20, -1, 4),
(1615, 358, 2, 0, 6, 20, 20, -1, 4),
(1616, 359, 2, 0, 6, 25, 24, -1, 4),
(1617, 360, 2, 0, 6, 20, 20, -1, 4),
(1618, 361, 2, 0, 6, 20, 9, -1, 4),
(1619, 362, 2, 0, 6, 20, 19, -1, 4),
(1620, 363, 2, 0, 1, 20, 20, -1, 4),
(1621, 364, 2, 0, 1, 20, 9, -1, 4),
(1622, 365, 2, 0, 6, 20, 19, -1, 4),
(1623, 366, 2, 0, 1, 20, 8, -1, 4),
(1624, 367, 2, 0, 6, 20, 12, -1, 4),
(1625, 368, 2, 0, 5, 20, 19, -1, 4),
(1626, 369, 2, 0, 6, 20, 7, -1, 4),
(1627, 370, 2, 0, 6, 20, 17, -1, 4),
(1628, 371, 2, 0, 6, 30, 25, -1, 4),
(1629, 372, 2, 0, 6, 30, 22, -1, 4),
(1630, 373, 2, 0, 5, 30, 27, -1, 4),
(1631, 374, 2, 0, 6, 40, 40, -1, 4),
(1632, 375, 2, 0, 6, 40, 40, -1, 4),
(1633, 375, 2, 0, 4, 40, 40, -1, 4),
(1634, 376, 2, 0, 2, 44, 44, -1, 4),
(1635, 377, 2, 0, 6, 40, 40, -1, 4),
(1636, 378, 2, 0, 1, 40, 40, -1, 4),
(1637, 378, 2, 0, 6, 40, 40, -1, 4),
(1638, 379, 2, 0, 5, 40, 40, -1, 4),
(1639, 379, 2, 0, 6, 45, 45, -1, 4),
(1640, 379, 2, 0, 5, 30, 3, -1, 4),
(1641, 379, 2, 0, 5, 30, 5, -1, 4),
(1642, 379, 2, 0, 5, 30, 4, -1, 4),
(1643, 379, 2, 0, 6, 50, 31, -1, 4),
(1644, 379, 2, 0, 6, 50, 23, -1, 4),
(1645, 379, 2, 0, 5, 50, 7, -1, 4),
(1646, 379, 2, 0, 4, 55, 46, -1, 4),
(1647, 379, 2, 0, 5, 55, 55, -1, 4),
(1648, 379, 2, 0, 5, 57, 51, -1, 4),
(1649, 379, 2, 0, 6, 55, 51, -1, 4),
(1650, 380, 2, 0, 6, 55, 44, -1, 4),
(1651, 381, 2, 0, 1, 50, 39, -1, 4),
(1652, 382, 2, 0, 1, 55, 49, -1, 4),
(1653, 383, 2, 0, 5, 50, 41, -1, 4),
(1654, 383, 2, 0, 5, 55, 48, -1, 4),
(1655, 383, 2, 0, 5, 57, 57, -1, 4),
(1656, 383, 2, 0, 5, 57, 57, -1, 4),
(1657, 384, 2, 0, 5, 50, 16, -1, 4),
(1658, 384, 2, 0, 6, 50, 42, -1, 4),
(1659, 384, 2, 0, 6, 50, 29, -1, 4),
(1660, 384, 2, 0, 1, 50, 40, -1, 4),
(1661, 385, 2, 0, 5, 50, 41, -1, 4),
(1662, 385, 2, 0, 5, 50, 24, -1, 4),
(1663, 386, 2, 0, 5, 50, 47, -1, 4),
(1664, 386, 2, 0, 5, 50, 40, -1, 4),
(1665, 386, 2, 0, 5, 50, 26, -1, 4),
(1666, 386, 2, 0, 5, 52, 52, -1, 4),
(1667, 386, 2, 0, 5, 55, 54, -1, 4),
(1668, 386, 2, 0, 5, 52, 46, -1, 4),
(1669, 386, 2, 0, 5, 55, 18, -1, 4),
(1670, 387, 2, 0, 6, 50, 42, -1, 4),
(1671, 388, 2, 0, 6, 55, 44, -1, 4),
(1672, 389, 2, 0, 1, 56, 56, -1, 4),
(1673, 390, 2, 0, 6, 55, 53, -1, 4),
(1674, 391, 2, 0, 6, 55, 55, -1, 4),
(1675, 392, 2, 0, 6, 55, 55, -1, 4),
(1676, 393, 2, 0, 1, 55, 55, -1, 4),
(1677, 394, 2, 0, 5, 55, 55, -1, 4),
(1678, 394, 2, 0, 5, 55, 55, -1, 4),
(1679, 394, 2, 0, 5, 55, 55, -1, 4),
(1680, 394, 2, 0, 5, 55, 41, -1, 4),
(1681, 394, 2, 0, 5, 50, 45, -1, 4),
(1682, 394, 2, 0, 5, 50, 16, -1, 4),
(1683, 394, 2, 0, 5, 50, 50, -1, 4),
(1684, 394, 2, 0, 5, 50, 48, -1, 4),
(1685, 394, 2, 0, 5, 50, 27, -1, 4),
(1686, 395, 2, 0, 5, 50, 49, -1, 4),
(1687, 396, 2, 0, 1, 57, 56, -1, 5),
(1688, 397, 2, 0, 1, 50, 21, -1, 5),
(1689, 398, 2, 0, 5, 20, 11, 0, 5),
(1690, 399, 2, 0, 1, 52, 51, -1, 5),
(1691, 400, 2, 0, 1, 52, 29, -1, 5),
(1692, 401, 2, 0, 1, 55, 8, -1, 5),
(1693, 402, 2, 0, 1, 56, 56, -1, 5),
(1694, 402, 2, 0, 4, 20, 13, -1, 5),
(1695, 403, 2, 0, 4, 20, 5, -1, 5),
(1696, 404, 2, 0, 4, 5, 1, -1, 5),
(1697, 405, 2, 0, 4, 20, 13, -1, 5),
(1698, 405, 2, 0, 4, 5, 1, -1, 5),
(1699, 406, 2, 0, 4, 5, 1, -1, 5),
(1700, 407, 2, 0, 4, 5, 0, -1, 5),
(1701, 407, 2, 0, 5, 15, 10, -1, 5),
(1702, 408, 2, 0, 4, 20, 9, -1, 5),
(1703, 408, 2, 0, 4, 15, 0, -1, 5),
(1704, 409, 2, 0, 1, 15, 0, -1, 5),
(1705, 409, 2, 0, 5, 20, 11, -1, 5),
(1706, 409, 2, 0, 5, 25, 20, -1, 5),
(1707, 410, 2, 0, 5, 30, 23, -1, 5),
(1708, 411, 2, 0, 5, 30, 19, -1, 5),
(1709, 411, 2, 0, 5, 35, 26, -1, 5),
(1710, 412, 2, 0, 5, 20, 11, -1, 5),
(1711, 412, 2, 0, 5, 15, 13, -1, 5),
(1712, 413, 2, 0, 1, 15, 13, -1, 5),
(1713, 414, 2, 0, 4, 20, 15, -1, 5),
(1714, 414, 2, 0, 4, 15, 10, -1, 5),
(1715, 414, 2, 0, 4, 15, 0, -1, 5),
(1716, 414, 2, 0, 4, 20, 16, -1, 5),
(1717, 415, 2, 0, 4, 15, 11, -1, 5),
(1718, 415, 2, 0, 4, 15, 6, -1, 5),
(1719, 415, 2, 0, 4, 25, 21, -1, 5),
(1720, 416, 2, 0, 4, 15, 12, -1, 5),
(1721, 416, 2, 0, 4, 10, 0, -1, 5),
(1722, 417, 2, 0, 5, 20, 14, -1, 5),
(1723, 417, 2, 0, 4, 10, 10, -1, 5),
(1724, 417, 2, 0, 4, 15, 5, -1, 5),
(1725, 418, 2, 0, 4, 10, 2, -1, 5),
(1726, 418, 2, 0, 4, 10, 1, -1, 5),
(1727, 418, 2, 0, 4, 10, 1, -1, 5),
(1728, 419, 2, 0, 4, 10, 2, -1, 5),
(1729, 419, 2, 0, 4, 10, 2, -1, 5),
(1730, 419, 2, 0, 5, 10, 2, -1, 5),
(1731, 420, 2, 0, 4, 10, 1, -1, 5),
(1732, 420, 2, 0, 4, 10, 1, -1, 5),
(1733, 420, 2, 0, 4, 10, 1, -1, 5),
(1734, 421, 2, 0, 5, 10, 2, -1, 5),
(1735, 421, 2, 0, 5, 10, 1, -1, 5),
(1736, 421, 2, 0, 5, 10, 0, -1, 5),
(1737, 421, 2, 0, 5, 10, 0, -1, 5),
(1738, 422, 2, 0, 4, 10, 0, -1, 5),
(1739, 422, 2, 0, 1, 10, 1, -1, 5),
(1740, 422, 2, 0, 4, 10, 1, -1, 5),
(1741, 422, 2, 0, 4, 10, 1, -1, 5),
(1742, 423, 2, 0, 1, 10, 4, -1, 5),
(1743, 423, 2, 0, 1, 10, 1, -1, 5),
(1744, 423, 2, 0, 1, 10, 0, -1, 5),
(1745, 424, 2, 0, 5, 49, 48, -1, 5),
(1746, 424, 2, 0, 5, 49, 49, -1, 5),
(1747, 425, 2, 0, 1, 50, 48, -1, 5),
(1748, 425, 2, 0, 4, 48, 48, -1, 5),
(1749, 425, 2, 0, 1, 48, 47, -1, 5),
(1750, 425, 2, 0, 1, 48, 46, -1, 5),
(1751, 426, 2, 0, 4, 48, 47, -1, 5),
(1752, 426, 2, 0, 4, 48, 47, -1, 5),
(1753, 426, 2, 0, 4, 49, 49, -1, 5),
(1754, 427, 2, 0, 1, 40, 40, -1, 5),
(1755, 427, 2, 0, 1, 49, 49, -1, 5),
(1756, 427, 2, 0, 1, 49, 48, -1, 5),
(1757, 427, 2, 0, 1, 49, 49, -1, 5),
(1758, 427, 2, 0, 1, 49, 49, -1, 5),
(1759, 427, 2, 0, 1, 48, 46, -1, 5),
(1760, 428, 2, 0, 4, 48, 47, -1, 5),
(1761, 428, 2, 0, 4, 46, 46, -1, 5),
(1762, 428, 2, 0, 4, 35, 34, -1, 5),
(1763, 429, 2, 0, 5, 45, 26, -1, 5),
(1764, 429, 2, 0, 5, 45, 45, -1, 5),
(1765, 430, 2, 0, 1, 45, 39, 0, 5),
(1766, 430, 2, 0, 1, 45, 21, -1, 5),
(1767, 430, 2, 0, 1, 45, 17, -1, 5),
(1768, 430, 2, 0, 1, 45, 20, -1, 5),
(1769, 430, 2, 0, 1, 45, 20, -1, 5),
(1770, 430, 2, 0, 1, 46, 0, 0, 5),
(1771, 431, 2, 0, 1, 44, 7, -1, 5),
(1772, 1, 3, 0, 5, 45, 33, -1, 1),
(1773, 1, 3, 0, 5, 51, 51, -1, 1),
(1774, 1, 3, 0, 6, 50, 50, -1, 1),
(1775, 2, 3, 0, 5, 50, 50, -1, 1),
(1776, 3, 3, 0, 5, 50, 50, -1, 1),
(1777, 4, 3, 0, 5, 50, 50, -1, 1),
(1778, 4, 3, 0, 5, 50, 50, -1, 1),
(1779, 5, 3, 0, 5, 50, 50, -1, 1),
(1780, 6, 3, 0, 5, 50, 50, -1, 1),
(1781, 6, 3, 0, 5, 50, 50, -1, 1),
(1782, 6, 3, 0, 5, 50, 50, -1, 1),
(1783, 7, 3, 0, 5, 50, 48, -1, 1),
(1784, 7, 3, 0, 5, 50, 48, -1, 1),
(1785, 8, 3, 0, 5, 51, 51, -1, 1),
(1786, 8, 3, 0, 5, 50, 50, -1, 1),
(1787, 9, 3, 0, 5, 42, 42, -1, 1),
(1788, 9, 3, 0, 5, 40, 12, -1, 1),
(1789, 9, 3, 0, 5, 40, 28, -1, 1),
(1790, 9, 3, 0, 5, 40, 20, -1, 1),
(1791, 9, 3, 0, 5, 50, 49, -1, 1),
(1792, 10, 3, 0, 5, 40, 29, -1, 1),
(1793, 11, 3, 0, 5, 40, -1, -1, 1),
(1794, 12, 3, 0, 5, 40, 22, -1, 1),
(1795, 12, 3, 0, 5, 20, 11, -1, 1),
(1796, 12, 3, 0, 5, 52, 52, -1, 1),
(1797, 12, 3, 0, 5, 40, 40, -1, 1),
(1798, 12, 3, 0, 5, 40, 40, -1, 1),
(1799, 13, 3, 0, 6, 40, 25, -1, 1),
(1800, 14, 3, 0, 5, 40, 7, -1, 1),
(1801, 15, 3, 0, 5, 20, 9, -1, 1),
(1802, 16, 3, 0, 4, 20, 7, -1, 1),
(1803, 17, 3, 0, 5, 20, 10, -1, 1),
(1804, 17, 3, 0, 5, 20, 12, -1, 1),
(1805, 17, 3, 0, 5, 20, 0, -1, 1),
(1806, 17, 3, 0, 5, 10, 4, -1, 1),
(1807, 18, 3, 0, 6, 265, 238, -1, 1),
(1808, 19, 3, 0, 4, 10, 1, -1, 1),
(1809, 20, 3, 0, 6, 20, 7, -1, 1),
(1810, 21, 3, 0, 5, 30, 25, -1, 1),
(1811, 21, 3, 0, 5, 30, 30, -1, 1),
(1812, 22, 3, 0, 5, 25, 16, -1, 1),
(1813, 22, 3, 0, 5, 25, 20, -1, 1),
(1814, 22, 3, 0, 5, 22, 14, -1, 1),
(1815, 22, 3, 0, 5, 18, 6, -1, 1),
(1816, 22, 3, 0, 5, 20, 18, -1, 1),
(1817, 23, 3, 0, 5, 15, 0, -1, 1),
(1818, 24, 3, 0, 5, 20, 12, -1, 1),
(1819, 25, 3, 0, 5, 15, 0, -1, 1),
(1820, 25, 3, 0, 5, 15, 13, -1, 1),
(1821, 26, 3, 0, 5, 35, 24, -1, 1),
(1822, 26, 3, 0, 5, 35, 35, -1, 1),
(1823, 27, 3, 0, 5, 35, 35, -1, 1),
(1824, 27, 3, 0, 5, 36, 36, -1, 1),
(1825, 28, 3, 0, 5, 35, 35, -1, 1),
(1826, 28, 3, 0, 5, 35, 33, -1, 1),
(1827, 28, 3, 0, 5, 30, 30, -1, 1),
(1828, 28, 3, 0, 5, 30, 30, -1, 1),
(1829, 29, 3, 0, 5, 37, 36, -1, 1),
(1830, 29, 3, 0, 5, 30, 0, -1, 1),
(1831, 30, 3, 0, 5, 8, 0, -1, 1),
(1832, 31, 3, 0, 5, 30, 0, -1, 1),
(1833, 31, 3, 0, 5, 30, 30, -1, 1),
(1834, 32, 3, 0, 5, 30, 0, -1, 1),
(1835, 32, 3, 0, 5, 30, 19, -1, 1),
(1836, 33, 3, 0, 5, 40, 37, -1, 1),
(1837, 33, 3, 0, 5, 25, 25, -1, 1),
(1838, 34, 3, 0, 5, 40, 37, -1, 1),
(1839, 34, 3, 0, 5, 25, 25, -1, 1),
(1840, 35, 3, 0, 5, 45, 9, -1, 1),
(1841, 35, 3, 0, 5, 45, 14, -1, 1),
(1842, 35, 3, 0, 5, 30, 26, -1, 1),
(1843, 35, 3, 0, 5, 30, 30, -1, 1),
(1844, 35, 3, 0, 5, 32, 32, -1, 1),
(1845, 35, 3, 0, 5, 30, 0, -1, 1),
(1846, 35, 3, 0, 5, 45, -1, -1, 1),
(1847, 36, 3, 0, 6, 45, 25, -1, 1),
(1848, 37, 3, 0, 5, 45, 45, -1, 1),
(1849, 38, 3, 0, 5, 45, 44, -1, 1),
(1850, 38, 3, 0, 5, 40, 39, -1, 1),
(1851, 39, 3, 0, 5, 41, 41, -1, 1),
(1852, 40, 3, 0, 5, 40, 40, -1, 1),
(1853, 40, 3, 0, 5, 40, 40, -1, 1),
(1854, 41, 3, 0, 5, 35, 0, -1, 1),
(1855, 42, 3, 0, 5, 40, 37, -1, 1),
(1856, 42, 3, 0, 5, 40, 40, -1, 1),
(1857, 43, 3, 0, 5, 40, 40, -1, 1),
(1858, 43, 3, 0, 5, 35, 0, -1, 1),
(1859, 44, 3, 0, 5, 40, 40, -1, 1),
(1860, 44, 3, 0, 5, 40, 40, -1, 1),
(1861, 44, 3, 0, 5, 40, 40, -1, 1),
(1862, 44, 3, 0, 5, 41, 41, -1, 1),
(1863, 44, 3, 0, 5, 41, 41, -1, 1),
(1864, 44, 3, 0, 5, 40, 40, -1, 1),
(1865, 45, 3, 0, 6, 41, 41, -1, 1),
(1866, 46, 3, 0, 6, 40, 40, -1, 1),
(1867, 47, 3, 0, 6, 45, 45, -1, 1),
(1868, 48, 3, 0, 6, 46, 46, -1, 1),
(1869, 49, 3, 0, 5, 45, 45, -1, 1),
(1870, 50, 3, 0, 4, 45, 45, -1, 1),
(1871, 51, 3, 0, 5, 45, 45, -1, 1),
(1872, 52, 3, 0, 5, 45, 45, -1, 1),
(1873, 53, 3, 0, 6, 45, 44, -1, 1),
(1874, 54, 3, 0, 6, 35, 0, -1, 1),
(1875, 55, 3, 0, 4, 53, 52, -1, 1),
(1876, 56, 3, 0, 6, 54, 54, -1, 1),
(1877, 57, 3, 0, 6, 54, 53, -1, 1),
(1878, 58, 3, 0, 4, 54, 54, -1, 1),
(1879, 58, 3, 0, 6, 50, 48, -1, 1),
(1880, 58, 3, 0, 6, 50, 43, -1, 1),
(1881, 58, 3, 0, 6, 20, 20, -1, 1),
(1882, 58, 3, 0, 6, 20, 4, -1, 1),
(1883, 59, 3, 0, 4, 30, 21, -1, 1),
(1884, 59, 3, 0, 5, 31, 31, -1, 1),
(1885, 59, 3, 0, 6, 30, 30, -1, 1),
(1886, 59, 3, 0, 5, 30, 30, -1, 1),
(1887, 59, 3, 0, 4, 32, 32, -1, 1),
(1888, 59, 3, 0, 4, 30, 30, -1, 1),
(1889, 59, 3, 0, 6, 40, 40, -1, 1),
(1890, 60, 3, 0, 5, 40, 40, -1, 1),
(1891, 60, 3, 0, 5, 41, 41, -1, 1),
(1892, 60, 3, 0, 4, 40, 40, -1, 1),
(1893, 61, 3, 0, 5, 30, 30, -1, 1),
(1894, 61, 3, 0, 5, 31, 31, -1, 1),
(1895, 61, 3, 0, 5, 32, 32, -1, 1),
(1896, 61, 3, 0, 5, 31, 31, -1, 1),
(1897, 61, 3, 0, 5, 31, 31, -1, 1),
(1898, 61, 3, 0, 5, 30, 30, -1, 1),
(1899, 62, 3, 0, 5, 30, 30, -1, 1),
(1900, 62, 3, 0, 5, 30, 30, -1, 1),
(1901, 62, 3, 0, 5, 32, 32, -1, 1),
(1902, 62, 3, 0, 5, 30, 30, -1, 1),
(1903, 62, 3, 0, 5, 40, 40, -1, 1),
(1904, 62, 3, 0, 5, 40, 40, -1, 1),
(1905, 62, 3, 0, 5, 41, 41, -1, 1),
(1906, 63, 3, 0, 5, 40, 40, -1, 1),
(1907, 63, 3, 0, 5, 30, 30, -1, 1),
(1908, 63, 3, 0, 5, 31, 31, -1, 1),
(1909, 63, 3, 0, 5, 36, 36, -1, 1),
(1910, 63, 3, 0, 5, 36, 36, -1, 1),
(1911, 63, 3, 0, 5, 36, 35, -1, 1),
(1912, 63, 3, 0, 5, 35, 35, -1, 1),
(1913, 63, 3, 0, 5, 36, 35, -1, 1),
(1914, 64, 3, 0, 5, 36, 36, -1, 1),
(1915, 64, 3, 0, 5, 35, 23, -1, 1),
(1916, 64, 3, 0, 5, 35, 35, -1, 1),
(1917, 64, 3, 0, 5, 36, 36, -1, 1),
(1918, 64, 3, 0, 5, 38, 38, -1, 1),
(1919, 64, 3, 0, 5, 36, 36, -1, 1),
(1920, 64, 3, 0, 5, 35, 0, -1, 1),
(1921, 64, 3, 0, 5, 35, 0, -1, 1),
(1922, 64, 3, 0, 5, 20, 20, -1, 1),
(1923, 65, 3, 0, 5, 20, 19, 0, 1),
(1924, 66, 3, 0, 5, 42, 42, -1, 1),
(1925, 67, 3, 0, 6, 20, 11, -1, 1),
(1926, 67, 3, 0, 5, 20, 20, -1, 1),
(1927, 68, 3, 0, 5, 20, 16, -1, 1),
(1928, 68, 3, 0, 5, 20, 7, -1, 1),
(1929, 69, 3, 0, 5, 22, 18, -1, 1),
(1930, 70, 3, 0, 5, 28, 26, -1, 1),
(1931, 70, 3, 0, 5, 20, 20, -1, 1),
(1932, 71, 3, 0, 5, 20, 20, -1, 1),
(1933, 71, 3, 0, 5, 20, 9, -1, 1),
(1934, 72, 3, 0, 6, 20, 14, -1, 1),
(1935, 72, 3, 0, 5, 20, 7, -1, 1),
(1936, 72, 3, 0, 5, 20, 10, -1, 1),
(1937, 72, 3, 0, 5, 20, 7, -1, 1),
(1938, 72, 3, 0, 5, 20, 11, -1, 1),
(1939, 72, 3, 0, 5, 20, 11, -1, 1),
(1940, 72, 3, 0, 5, 20, 6, -1, 1),
(1941, 73, 3, 0, 5, 20, 11, -1, 1),
(1942, 73, 3, 0, 5, 23, 23, -1, 1),
(1943, 73, 3, 0, 5, 20, 14, -1, 1),
(1944, 73, 3, 0, 5, 20, 7, -1, 1),
(1945, 73, 3, 0, 5, 20, 20, -1, 1),
(1946, 73, 3, 0, 5, 20, 0, -1, 1),
(1947, 73, 3, 0, 5, 20, 17, -1, 1),
(1948, 74, 3, 0, 6, 20, 20, -1, 2),
(1949, 75, 3, 0, 6, 20, 16, -1, 2),
(1950, 76, 3, 0, 6, 20, 0, -1, 2),
(1951, 77, 3, 0, 6, 25, 24, -1, 2),
(1952, 78, 3, 0, 6, 26, 26, -1, 2),
(1953, 78, 3, 0, 1, 26, 25, -1, 2),
(1954, 79, 3, 0, 1, 25, 25, -1, 2),
(1955, 80, 3, 0, 6, 25, 24, -1, 2),
(1956, 81, 3, 0, 6, 25, 25, -1, 2),
(1957, 82, 3, 0, 4, 25, 15, -1, 2),
(1958, 83, 3, 0, 6, 25, 22, -1, 2),
(1959, 84, 3, 0, 1, 25, 25, -1, 2),
(1960, 85, 3, 0, 6, 30, 14, -1, 2),
(1961, 86, 3, 0, 6, 25, 24, -1, 2),
(1962, 87, 3, 0, 5, 26, 26, -1, 2),
(1963, 88, 3, 0, 1, 26, 25, -1, 2),
(1964, 89, 3, 0, 6, 25, 25, -1, 2),
(1965, 90, 3, 0, 6, 25, 24, 0, 2),
(1966, 91, 3, 0, 4, 25, 25, -1, 2),
(1967, 92, 3, 0, 6, 25, 15, 0, 2),
(1968, 93, 3, 0, 6, 25, 22, -1, 2),
(1969, 94, 3, 0, 6, 25, 25, -1, 2),
(1970, 95, 3, 0, 6, 30, 14, -1, 2),
(1971, 96, 3, 0, 6, 40, 31, 0, 2),
(1972, 97, 3, 0, 6, 40, 31, -1, 2),
(1973, 98, 3, 0, 6, 35, 35, -1, 2),
(1974, 99, 3, 0, 1, 40, 0, -1, 2),
(1975, 100, 3, 0, 4, 30, -1, -1, 2),
(1976, 100, 3, 0, 5, 46, 46, -1, 2),
(1977, 100, 3, 0, 5, 40, 0, 0, 2),
(1978, 100, 3, 0, 5, 45, 45, -1, 2),
(1979, 100, 3, 0, 6, 45, 43, -1, 2),
(1980, 100, 3, 0, 5, 43, 43, -1, 2),
(1981, 100, 3, 0, 5, 42, 37, -1, 2),
(1982, 100, 3, 0, 5, 42, 39, -1, 2),
(1983, 100, 3, 0, 5, 42, 41, -1, 2),
(1984, 100, 3, 0, 5, 42, 35, -1, 2),
(1985, 100, 3, 0, 5, 35, 0, -1, 2),
(1986, 100, 3, 0, 5, 42, 42, -1, 2),
(1987, 100, 3, 0, 5, 42, 42, -1, 2),
(1988, 100, 3, 0, 5, 42, 27, -1, 2),
(1989, 101, 3, 0, 1, 42, 29, -1, 2),
(1990, 102, 3, 0, 5, 42, 39, -1, 2),
(1991, 103, 3, 0, 6, 35, -3, -1, 2),
(1992, 104, 3, 0, 5, 47, 47, -1, 2),
(1993, 105, 3, 0, 2, 47, 47, -1, 2),
(1994, 106, 3, 0, 5, 40, 0, -1, 2),
(1995, 107, 3, 0, 5, 48, 48, -1, 2),
(1996, 108, 3, 0, 6, 47, 45, -1, 2),
(1997, 109, 3, 0, 5, 41, 41, -1, 2),
(1998, 110, 3, 0, 5, 41, 41, -1, 2),
(1999, 110, 3, 0, 5, 41, 40, -1, 2),
(2000, 111, 3, 0, 5, 41, 41, -1, 2),
(2001, 112, 3, 0, 4, 40, 39, -1, 2),
(2002, 113, 3, 0, 6, 40, 36, -1, 2),
(2003, 114, 3, 0, 5, 41, 41, -1, 2),
(2004, 115, 3, 0, 6, 41, 41, -1, 2),
(2005, 116, 3, 0, 1, 41, 41, -1, 2),
(2006, 117, 3, 0, 5, 41, 40, -1, 2),
(2007, 118, 3, 0, 5, 41, 41, -1, 2),
(2008, 119, 3, 0, 5, 40, 39, -1, 2),
(2009, 120, 3, 0, 6, 40, 36, -1, 2),
(2010, 121, 3, 0, 5, 41, 41, -1, 2),
(2011, 122, 3, 0, 4, 43, 43, -1, 2),
(2012, 122, 3, 0, 6, 40, 40, -1, 2),
(2013, 123, 3, 0, 6, 43, 43, -1, 2),
(2014, 124, 3, 0, 5, 35, 14, -1, 2),
(2015, 124, 3, 0, 5, 43, 43, -1, 2),
(2016, 125, 3, 0, 5, 42, 40, -1, 2),
(2017, 126, 3, 0, 6, 43, 43, -1, 2),
(2018, 126, 3, 0, 1, 30, 14, -1, 2),
(2019, 127, 3, 0, 6, 45, 44, -1, 2),
(2020, 128, 3, 0, 5, 45, 42, -1, 2),
(2021, 129, 3, 0, 4, 45, 45, -1, 2),
(2022, 129, 3, 0, 6, 45, 37, -1, 2),
(2023, 129, 3, 0, 5, 45, 41, -1, 2),
(2024, 129, 3, 0, 5, 45, 45, -1, 2),
(2025, 129, 3, 0, 5, 30, 0, -1, 2),
(2026, 129, 3, 0, 5, 38, 36, -1, 2),
(2027, 129, 3, 0, 5, 38, 37, -1, 2),
(2028, 129, 3, 0, 5, 38, 34, -1, 2),
(2029, 130, 3, 0, 5, 30, -1, -1, 2),
(2030, 130, 3, 0, 5, 30, 0, -1, 2),
(2031, 131, 3, 0, 6, 38, 36, -1, 2),
(2032, 132, 3, 0, 6, 38, 38, 0, 2),
(2033, 133, 3, 0, 1, 38, 33, -1, 2),
(2034, 134, 3, 0, 6, 30, -1, 0, 2),
(2035, 135, 3, 0, 6, 34, 34, -1, 2),
(2036, 136, 3, 0, 5, 33, 33, -1, 2),
(2037, 136, 3, 0, 6, 33, 33, -1, 2),
(2038, 136, 3, 0, 6, 33, 31, -1, 2),
(2039, 136, 3, 0, 5, 34, 34, -1, 2),
(2040, 136, 3, 0, 6, 33, 33, -1, 2),
(2041, 137, 3, 0, 5, 33, 33, -1, 2),
(2042, 138, 3, 0, 6, 33, 31, -1, 2),
(2043, 139, 3, 0, 6, 40, 40, -1, 2),
(2044, 140, 3, 0, 6, 30, 0, -1, 2),
(2045, 141, 3, 0, 6, 40, 37, -1, 2),
(2046, 142, 3, 0, 6, 40, 32, -1, 2),
(2047, 143, 3, 0, 1, 30, 0, -1, 2),
(2048, 144, 3, 0, 1, 40, 35, -1, 2),
(2049, 145, 3, 0, 6, 40, 30, -1, 2),
(2050, 146, 3, 0, 1, 30, 0, -1, 2),
(2051, 147, 3, 0, 6, 40, 33, -1, 2),
(2052, 148, 3, 0, 6, 30, 19, -1, 2),
(2053, 149, 3, 0, 5, 35, 35, -1, 2),
(2054, 150, 3, 0, 6, 30, -1, 0, 2),
(2055, 151, 3, 0, 5, 34, 34, -1, 2),
(2056, 152, 3, 0, 6, 30, 20, 0, 2),
(2057, 153, 3, 0, 6, 35, 35, -1, 2),
(2058, 154, 3, 0, 1, 30, -2, -1, 3),
(2059, 155, 3, 0, 1, 34, 34, -1, 3),
(2060, 156, 3, 0, 4, 40, 39, -1, 3),
(2061, 157, 3, 0, 5, 42, 41, -1, 3),
(2062, 158, 3, 0, 5, 40, 20, -1, 3),
(2063, 159, 3, 0, 5, 30, 0, -1, 3),
(2064, 159, 3, 0, 4, 46, 46, -1, 3),
(2065, 160, 3, 0, 5, 47, 47, -1, 3),
(2066, 160, 3, 0, 5, 40, 38, -1, 3),
(2067, 160, 3, 0, 5, 40, 38, -1, 3),
(2068, 160, 3, 0, 5, 40, 40, -1, 3),
(2069, 160, 3, 0, 5, 40, 40, -1, 3),
(2070, 161, 3, 0, 5, 45, 41, -1, 3),
(2071, 161, 3, 0, 5, 45, 44, -1, 3),
(2072, 161, 3, 0, 5, 40, 22, -1, 3),
(2073, 161, 3, 0, 5, 40, 30, -1, 3),
(2074, 161, 3, 0, 5, 35, 34, -1, 3),
(2075, 162, 3, 0, 5, 35, 33, -1, 3),
(2076, 163, 3, 0, 2, 35, 34, -1, 3),
(2077, 164, 3, 0, 1, 35, 26, -1, 3),
(2078, 165, 3, 0, 5, 35, 34, -1, 3),
(2079, 166, 3, 0, 5, 35, 33, -1, 3),
(2080, 166, 3, 0, 5, 35, 34, -1, 3),
(2081, 167, 3, 0, 5, 35, 26, -1, 3),
(2082, 168, 3, 0, 5, 40, 40, -1, 3),
(2083, 169, 3, 0, 5, 40, 34, -1, 3),
(2084, 169, 3, 0, 5, 40, 33, -1, 3),
(2085, 169, 3, 0, 5, 40, 34, -1, 3),
(2086, 169, 3, 0, 5, 40, 33, -1, 3),
(2087, 169, 3, 0, 5, 47, 47, -1, 3),
(2088, 169, 3, 0, 5, 40, 22, -1, 3),
(2089, 170, 3, 0, 5, 40, 11, -1, 3),
(2090, 171, 3, 0, 5, 40, 20, -1, 3),
(2091, 171, 3, 0, 5, 40, 38, -1, 3),
(2092, 172, 3, 0, 5, 40, 23, -1, 3),
(2093, 173, 3, 0, 1, 40, 0, -1, 3),
(2094, 174, 3, 0, 5, 53, 53, -1, 3),
(2095, 174, 3, 0, 5, 50, 42, -1, 3),
(2096, 174, 3, 0, 5, 10, 0, -1, 3),
(2097, 174, 3, 0, 5, 10, 7, -1, 3),
(2098, 175, 3, 0, 5, 10, 0, -1, 3),
(2099, 176, 3, 0, 5, 10, 0, -1, 3),
(2100, 176, 3, 0, 5, 10, 2, -1, 3),
(2101, 176, 3, 0, 5, 10, 0, -1, 3),
(2102, 176, 3, 0, 5, 10, 0, -1, 3),
(2103, 176, 3, 0, 5, 10, 0, -1, 3),
(2104, 176, 3, 0, 5, 10, 0, -1, 3),
(2105, 177, 3, 0, 5, 70, 51, -1, 3),
(2106, 177, 3, 0, 5, 10, 0, -1, 3),
(2107, 177, 3, 0, 5, 10, 0, -1, 3),
(2108, 177, 3, 0, 5, 10, 0, -1, 3),
(2109, 177, 3, 0, 5, 10, 0, -1, 3),
(2110, 177, 3, 0, 5, 10, 0, -1, 3),
(2111, 177, 3, 0, 5, 10, 0, -1, 3),
(2112, 178, 3, 0, 5, 10, 0, -1, 3),
(2113, 179, 3, 0, 5, 10, 0, -1, 3),
(2114, 179, 3, 0, 5, 10, 0, -1, 3),
(2115, 180, 3, 0, 5, 35, 31, -1, 3),
(2116, 181, 3, 0, 3, 35, 23, -1, 3),
(2117, 182, 3, 0, 5, 35, 22, -1, 3),
(2118, 183, 3, 0, 3, 35, 35, -1, 3),
(2119, 183, 3, 0, 3, 35, 34, -1, 3),
(2120, 184, 3, 0, 5, 35, 35, -1, 3),
(2121, 185, 3, 0, 3, 36, 36, -1, 3),
(2122, 186, 3, 0, 5, 36, 36, -1, 3),
(2123, 187, 3, 0, 3, 35, 24, -1, 3),
(2124, 188, 3, 0, 5, 35, 0, -1, 3),
(2125, 189, 3, 0, 3, 35, 25, -1, 3),
(2126, 190, 3, 0, 5, 35, 19, -1, 3),
(2127, 191, 3, 0, 5, 35, 35, -1, 3),
(2128, 192, 3, 0, 5, 35, 20, -1, 3),
(2129, 193, 3, 0, 3, 36, 28, -1, 3),
(2130, 194, 3, 0, 5, 38, 36, -1, 3),
(2131, 195, 3, 0, 3, 38, 29, -1, 3),
(2132, 196, 3, 0, 5, 39, 39, -1, 3),
(2133, 197, 3, 0, 3, 39, 39, -1, 3),
(2134, 197, 3, 0, 3, 38, 38, -1, 3),
(2135, 198, 3, 0, 5, 38, 37, -1, 3),
(2136, 199, 3, 0, 2, 40, 40, -1, 3),
(2137, 199, 3, 0, 2, 41, 41, -1, 3),
(2138, 200, 3, 0, 5, 40, 40, -1, 3),
(2139, 201, 3, 0, 3, 35, -4, -1, 3),
(2140, 201, 3, 0, 3, 30, 9, -1, 3),
(2141, 202, 3, 0, 5, 30, 20, -1, 3),
(2142, 203, 3, 0, 2, 30, 13, -1, 3),
(2143, 203, 3, 0, 2, 30, 25, -1, 3),
(2144, 204, 3, 0, 5, 30, 14, -1, 3),
(2145, 205, 3, 0, 3, 30, 13, -1, 3),
(2146, 205, 3, 0, 3, 30, 14, -1, 3),
(2147, 206, 3, 0, 5, 30, 0, -1, 3),
(2148, 207, 3, 0, 2, 30, 11, -1, 3),
(2149, 208, 3, 0, 3, 30, 5, -1, 3),
(2150, 209, 3, 0, 2, 30, 11, -1, 3),
(2151, 210, 3, 0, 5, 30, 0, -1, 3),
(2152, 211, 3, 0, 3, 30, 24, -1, 3),
(2153, 211, 3, 0, 3, 30, 7, -1, 3),
(2154, 212, 3, 0, 5, 30, 5, -1, 3),
(2155, 213, 3, 0, 3, 30, 15, -1, 3),
(2156, 214, 3, 0, 5, 30, 0, -1, 3),
(2157, 215, 3, 0, 5, 40, 33, -1, 3),
(2158, 216, 3, 0, 3, 40, 31, -1, 3),
(2159, 216, 3, 0, 3, 20, 19, -1, 3),
(2160, 217, 3, 0, 4, 20, 12, -1, 3),
(2161, 217, 3, 0, 4, 40, 14, -1, 3),
(2162, 218, 3, 0, 5, 40, 15, -1, 3),
(2163, 218, 3, 0, 6, 21, 21, -1, 3),
(2164, 219, 3, 0, 4, 20, 13, -1, 3),
(2165, 219, 3, 0, 6, 45, 45, -1, 3),
(2166, 220, 3, 0, 2, 40, 37, -1, 3),
(2167, 220, 3, 0, 2, 40, 27, -1, 3),
(2168, 221, 3, 0, 5, 20, 20, -1, 3),
(2169, 221, 3, 0, 4, 20, 8, -1, 3),
(2170, 222, 3, 0, 3, 40, 24, -1, 3),
(2171, 222, 3, 0, 3, 40, 24, -1, 3),
(2172, 223, 3, 0, 4, 20, 9, -1, 3),
(2173, 224, 3, 0, 4, 20, 13, -1, 3),
(2174, 225, 3, 0, 4, 46, 45, -1, 3),
(2175, 225, 3, 0, 4, 20, 16, -1, 3),
(2176, 226, 3, 0, 5, 27, 27, -1, 3),
(2177, 227, 3, 0, 5, 40, 36, -1, 3),
(2178, 228, 3, 0, 5, 20, -1, -1, 3),
(2179, 229, 3, 0, 5, 25, 22, -1, 3),
(2180, 230, 3, 0, 5, 30, 26, -1, 3),
(2181, 231, 3, 0, 5, 20, 0, -1, 3),
(2182, 232, 3, 0, 5, 20, 17, -1, 3),
(2183, 232, 3, 0, 5, 40, 26, -1, 3),
(2184, 233, 3, 0, 5, 20, 13, -1, 3),
(2185, 234, 3, 0, 5, 20, 19, -1, 3),
(2186, 235, 3, 0, 3, 40, 24, 0, 3),
(2187, 235, 3, 0, 6, 20, 2, -1, 3),
(2188, 235, 3, 0, 3, 20, 16, -1, 3),
(2189, 236, 3, 0, 5, 45, 42, -1, 3),
(2190, 236, 3, 0, 6, 20, 19, -1, 3),
(2191, 236, 3, 0, 5, 21, 21, -1, 3),
(2192, 237, 3, 0, 3, 40, 19, 0, 3),
(2193, 237, 3, 0, 3, 25, 15, -1, 3),
(2194, 237, 3, 0, 3, 25, 21, -1, 3),
(2195, 238, 3, 0, 5, 10, 8, -1, 3),
(2196, 238, 3, 0, 5, 10, 0, -1, 3),
(2197, 238, 3, 0, 6, 10, 9, -1, 3),
(2198, 239, 3, 0, 5, 10, 3, -1, 3),
(2199, 239, 3, 0, 5, 10, 0, -1, 3),
(2200, 240, 3, 0, 5, 10, 0, -1, 3),
(2201, 240, 3, 0, 4, 10, 0, -1, 3),
(2202, 241, 3, 0, 7, 45, 43, -1, 3),
(2203, 241, 3, 0, 7, 25, 15, -1, 3),
(2204, 242, 3, 0, 5, 25, 19, -1, 3),
(2205, 242, 3, 0, 5, 40, 26, -1, 3),
(2206, 243, 3, 0, 3, 25, 25, -1, 3),
(2207, 243, 3, 0, 3, 40, 15, -1, 3),
(2208, 244, 3, 0, 4, 32, 32, -1, 3),
(2209, 244, 3, 0, 5, 40, 0, -1, 3),
(2210, 244, 3, 0, 5, 18, 12, -1, 3),
(2211, 245, 3, 0, 3, 6, 0, 0, 3),
(2212, 245, 3, 0, 3, 6, 0, 0, 3),
(2213, 245, 3, 0, 4, 5, 1, 0, 3),
(2214, 246, 3, 0, 3, 20, 20, -1, 3),
(2215, 246, 3, 0, 3, 20, 20, -1, 3),
(2216, 246, 3, 0, 4, 20, 20, -1, 3),
(2217, 247, 3, 0, 7, 20, 19, -1, 3),
(2218, 247, 3, 0, 7, 20, 17, 0, 3),
(2219, 247, 3, 0, 7, 31, 31, 0, 3),
(2220, 248, 3, 0, 5, 30, 23, -1, 3),
(2221, 248, 3, 0, 5, 30, 17, -1, 3),
(2222, 248, 3, 0, 4, 30, 22, -1, 3),
(2223, 249, 3, 0, 5, 30, 15, -1, 3),
(2224, 249, 3, 0, 5, 30, 8, -1, 3),
(2225, 250, 3, 0, 3, 30, 27, 0, 3),
(2226, 250, 3, 0, 3, 30, 15, 0, 3),
(2227, 250, 3, 0, 3, 30, 12, 0, 3),
(2228, 251, 3, 0, 3, 30, 19, -1, 3),
(2229, 251, 3, 0, 3, 30, 12, -1, 3),
(2230, 251, 3, 0, 3, 30, 10, -1, 3),
(2231, 252, 3, 0, 3, 57, 57, 0, 3),
(2232, 252, 3, 0, 3, 57, 57, -1, 3),
(2233, 252, 3, 0, 3, 56, 56, 0, 3),
(2234, 252, 3, 0, 3, 56, 56, 0, 3),
(2235, 253, 3, 0, 3, 57, 57, -1, 3),
(2236, 253, 3, 0, 3, 55, 55, -1, 3),
(2237, 253, 3, 0, 3, 57, 57, -1, 3),
(2238, 253, 3, 0, 3, 58, 58, -1, 3),
(2239, 254, 3, 0, 7, 55, 55, -1, 3),
(2240, 254, 3, 0, 7, 56, 56, -1, 3),
(2241, 255, 3, 0, 4, 57, 57, -1, 3),
(2242, 255, 3, 0, 5, 57, 57, -1, 3),
(2243, 256, 3, 0, 7, 57, 57, 0, 3),
(2244, 256, 3, 0, 7, 57, 56, 0, 3),
(2245, 256, 3, 0, 7, 57, 57, 0, 3),
(2246, 257, 3, 0, 5, 55, 55, -1, 3),
(2247, 257, 3, 0, 5, 56, 56, -1, 3),
(2248, 257, 3, 0, 4, 35, 23, -1, 3),
(2249, 258, 3, 0, 4, 35, 14, -1, 3),
(2250, 258, 3, 0, 3, 35, 35, 0, 3),
(2251, 258, 3, 0, 3, 35, 35, 0, 3),
(2252, 258, 3, 0, 3, 36, 36, -1, 3),
(2253, 258, 3, 0, 3, 35, 35, 0, 3),
(2254, 259, 3, 0, 4, 35, 35, -1, 3),
(2255, 259, 3, 0, 3, 35, 35, -1, 3),
(2256, 259, 3, 0, 3, 36, 36, -1, 3),
(2257, 259, 3, 0, 3, 35, 20, -1, 3),
(2258, 259, 3, 0, 3, 35, 35, -1, 3),
(2259, 260, 3, 0, 6, 35, 34, -1, 3),
(2260, 260, 3, 0, 5, 35, 35, -1, 3),
(2261, 260, 3, 0, 5, 35, 24, -1, 3),
(2262, 260, 3, 0, 5, 35, 35, -1, 3),
(2263, 261, 3, 0, 7, 35, 35, -1, 3),
(2264, 261, 3, 0, 7, 35, 35, -1, 3),
(2265, 261, 3, 0, 7, 30, 30, -1, 3),
(2266, 262, 3, 0, 6, 32, 32, -1, 3),
(2267, 262, 3, 0, 5, 30, 27, -1, 3),
(2268, 262, 3, 0, 4, 31, 30, -1, 3),
(2269, 263, 3, 0, 5, 30, 30, -1, 3),
(2270, 263, 3, 0, 6, 32, 32, -1, 3),
(2271, 263, 3, 0, 5, 30, 30, -1, 3),
(2272, 264, 3, 0, 4, 30, 30, 0, 3),
(2273, 265, 3, 0, 4, 30, 30, -1, 3),
(2274, 266, 3, 0, 4, 31, 31, 0, 3),
(2275, 266, 3, 0, 4, 30, 29, 0, 3),
(2276, 266, 3, 0, 3, 30, 30, 0, 3),
(2277, 266, 3, 0, 4, 30, 30, 0, 3),
(2278, 266, 3, 0, 6, 30, 30, 0, 3),
(2279, 266, 3, 0, 3, 30, 30, 0, 3),
(2280, 266, 3, 0, 4, 30, 30, 0, 3),
(2281, 266, 3, 0, 6, 30, 0, 0, 3),
(2282, 266, 3, 0, 6, 32, 32, -1, 3),
(2283, 267, 3, 0, 4, 30, 12, -1, 3),
(2284, 267, 3, 0, 4, 30, 12, -1, 3),
(2285, 267, 3, 0, 3, 30, 13, -1, 3),
(2286, 267, 3, 0, 4, 30, 12, -1, 3),
(2287, 267, 3, 0, 6, 30, 8, -1, 3),
(2288, 267, 3, 0, 3, 30, 14, -1, 3),
(2289, 267, 3, 0, 4, 30, 9, -1, 3),
(2290, 267, 3, 0, 6, 30, 13, -1, 3),
(2291, 267, 3, 0, 6, 30, 12, -1, 3),
(2292, 268, 3, 0, 3, 30, 5, 0, 3),
(2293, 268, 3, 0, 2, 30, 8, 0, 3),
(2294, 268, 3, 0, 2, 40, 31, 0, 3),
(2295, 268, 3, 0, 2, 40, 38, 0, 3),
(2296, 268, 3, 0, 2, 40, 40, 0, 3),
(2297, 268, 3, 0, 2, 40, 35, 0, 3),
(2298, 268, 3, 0, 2, 41, 41, -1, 3),
(2299, 268, 3, 0, 2, 41, 41, 0, 3),
(2300, 268, 3, 0, 2, 40, 40, 0, 3),
(2301, 269, 3, 0, 3, 40, 40, -1, 3),
(2302, 269, 3, 0, 2, 40, 23, -1, 3),
(2303, 269, 3, 0, 2, 40, 39, -1, 3),
(2304, 269, 3, 0, 2, 30, 18, -1, 3),
(2305, 269, 3, 0, 2, 20, 11, -1, 3),
(2306, 269, 3, 0, 2, 25, 13, -1, 3),
(2307, 269, 3, 0, 2, 20, 11, -1, 3),
(2308, 269, 3, 0, 2, 20, 8, -1, 3),
(2309, 270, 3, 0, 6, 31, 31, -1, 4),
(2310, 271, 3, 0, 6, 31, 31, -1, 4),
(2311, 272, 3, 0, 6, 30, 30, -1, 4),
(2312, 273, 3, 0, 6, 30, 29, -1, 4),
(2313, 274, 3, 0, 6, 41, 41, -1, 4),
(2314, 275, 3, 0, 6, 32, 32, -1, 4),
(2315, 276, 3, 0, 6, 30, 27, -1, 4),
(2316, 277, 3, 0, 5, 31, 31, -1, 4),
(2317, 277, 3, 0, 6, 24, 24, -1, 4),
(2318, 277, 3, 0, 6, 31, 31, -1, 4),
(2319, 277, 3, 0, 5, 20, 7, -1, 4),
(2320, 277, 3, 0, 6, 30, 0, -1, 4),
(2321, 278, 3, 0, 5, 32, 32, -1, 4),
(2322, 279, 3, 0, 5, 31, 30, -1, 4),
(2323, 279, 3, 0, 6, 42, 42, -1, 4),
(2324, 280, 3, 0, 5, 39, 39, -1, 4),
(2325, 280, 3, 0, 5, 37, 37, -1, 4),
(2326, 280, 3, 0, 5, 31, 31, -1, 4),
(2327, 280, 3, 0, 5, 30, 0, -1, 4),
(2328, 280, 3, 0, 5, 12, 11, -1, 4),
(2329, 281, 3, 0, 5, 30, 20, -1, 4),
(2330, 282, 3, 0, 5, 30, 17, -1, 4),
(2331, 282, 3, 0, 5, 35, 19, -1, 4),
(2332, 282, 3, 0, 5, 25, 17, -1, 4),
(2333, 283, 3, 0, 1, 50, 50, -1, 4),
(2334, 284, 3, 0, 1, 35, 34, -1, 4),
(2335, 285, 3, 0, 6, 30, 26, -1, 4),
(2336, 286, 3, 0, 4, 38, 38, -1, 4),
(2337, 286, 3, 0, 4, 43, 43, -1, 4),
(2338, 287, 3, 0, 1, 5, 2, -1, 4),
(2339, 288, 3, 0, 4, 5, 1, -1, 4),
(2340, 289, 3, 0, 1, 5, 1, -1, 4),
(2341, 290, 3, 0, 1, 5, 5, -1, 4),
(2342, 291, 3, 0, 1, 5, 3, -1, 4),
(2343, 292, 3, 0, 4, 5, 1, -1, 4),
(2344, 293, 3, 0, 4, 5, 4, -1, 4),
(2345, 294, 3, 0, 1, 5, 2, -1, 4),
(2346, 295, 3, 0, 2, 5, 3, -1, 4),
(2347, 296, 3, 0, 1, 5, 5, -1, 4),
(2348, 297, 3, 0, 1, 6, 6, -1, 4),
(2349, 297, 3, 0, 4, 5, 4, -1, 4),
(2350, 298, 3, 0, 4, 5, 1, -1, 4),
(2351, 299, 3, 0, 1, 20, 0, -1, 4),
(2352, 300, 3, 0, 1, 50, 32, -1, 4),
(2353, 301, 3, 0, 1, 40, 36, -1, 4),
(2354, 301, 3, 0, 1, 20, 0, -1, 4),
(2355, 302, 3, 0, 4, 40, 28, -1, 4),
(2356, 303, 3, 0, 1, 25, 24, -1, 4),
(2357, 303, 3, 0, 1, 40, 30, -1, 4),
(2358, 304, 3, 0, 1, 20, 20, -1, 4),
(2359, 305, 3, 0, 4, 20, 20, -1, 4),
(2360, 306, 3, 0, 4, 40, 9, -1, 4),
(2361, 307, 3, 0, 4, 20, 2, -1, 4),
(2362, 308, 3, 0, 4, 40, 5, -1, 4),
(2363, 308, 3, 0, 4, 20, 4, -1, 4),
(2364, 309, 3, 0, 4, 40, 36, -1, 4),
(2365, 309, 3, 0, 4, 40, 10, -1, 4),
(2366, 310, 3, 0, 1, 51, 51, -1, 4),
(2367, 311, 3, 0, 1, 50, 50, -1, 4),
(2368, 312, 3, 0, 4, 50, 50, -1, 4),
(2369, 313, 3, 0, 1, 51, 51, -1, 4),
(2370, 314, 3, 0, 1, 51, 51, -1, 4),
(2371, 315, 3, 0, 1, 52, 52, -1, 4),
(2372, 316, 3, 0, 4, 50, 50, -1, 4),
(2373, 317, 3, 0, 4, 50, 50, -1, 4),
(2374, 318, 3, 0, 1, 51, 51, -1, 4),
(2375, 319, 3, 0, 4, 50, 50, -1, 4),
(2376, 320, 3, 0, 4, 50, 50, -1, 4),
(2377, 321, 3, 0, 1, 50, 50, -1, 4),
(2378, 322, 3, 0, 4, 40, 29, -1, 4),
(2379, 323, 3, 0, 1, 45, 41, -1, 4),
(2380, 324, 3, 0, 4, 46, 46, 0, 4),
(2381, 325, 3, 0, 4, 50, 50, -1, 4),
(2382, 326, 3, 0, 6, 50, 50, -1, 4),
(2383, 327, 3, 0, 1, 50, 48, -1, 4),
(2384, 328, 3, 0, 4, 50, 50, -1, 4),
(2385, 328, 3, 0, 5, 51, 51, -1, 4),
(2386, 328, 3, 0, 5, 30, 30, -1, 4),
(2387, 328, 3, 0, 4, 32, 31, -1, 4),
(2388, 328, 3, 0, 4, 30, 29, -1, 4),
(2389, 329, 3, 0, 6, 30, 30, -1, 4),
(2390, 329, 3, 0, 4, 25, 18, -1, 4),
(2391, 329, 3, 0, 6, 25, 7, -1, 4),
(2392, 329, 3, 0, 5, 25, 8, -1, 4),
(2393, 330, 3, 0, 6, 25, 6, -1, 4),
(2394, 331, 3, 0, 6, 25, 5, -1, 4),
(2395, 332, 3, 0, 1, 20, 6, -1, 4),
(2396, 333, 3, 0, 6, 15, 8, -1, 4),
(2397, 334, 3, 0, 6, 15, 3, -1, 4),
(2398, 335, 3, 0, 1, 15, 3, -1, 4),
(2399, 336, 3, 0, 6, 15, 4, -1, 4),
(2400, 337, 3, 0, 1, 15, 2, -1, 4),
(2401, 338, 3, 0, 5, 15, 6, -1, 4),
(2402, 338, 3, 0, 5, 15, 9, -1, 4),
(2403, 338, 3, 0, 5, 15, 6, -1, 4),
(2404, 338, 3, 0, 5, 15, 4, -1, 4),
(2405, 338, 3, 0, 5, 15, 1, -1, 4),
(2406, 338, 3, 0, 6, 10, 2, -1, 4),
(2407, 338, 3, 0, 5, 10, 1, -1, 4),
(2408, 338, 3, 0, 5, 15, 4, -1, 4),
(2409, 338, 3, 0, 5, 15, 3, -1, 4),
(2410, 338, 3, 0, 5, 15, 2, -1, 4),
(2411, 338, 3, 0, 5, 10, 6, -1, 4),
(2412, 338, 3, 0, 5, 15, 4, -1, 4),
(2413, 338, 3, 0, 5, 15, 4, -1, 4),
(2414, 338, 3, 0, 6, 5, 1, -1, 4),
(2415, 339, 3, 0, 5, 5, 2, -1, 4),
(2416, 339, 3, 0, 5, 35, 35, -1, 4),
(2417, 339, 3, 0, 5, 36, 36, -1, 4),
(2418, 339, 3, 0, 5, 39, 39, -1, 4),
(2419, 339, 3, 0, 5, 35, 34, -1, 4),
(2420, 339, 3, 0, 5, 35, 35, -1, 4),
(2421, 339, 3, 0, 5, 35, 35, -1, 4),
(2422, 339, 3, 0, 5, 40, 40, -1, 4),
(2423, 339, 3, 0, 5, 38, 38, -1, 4),
(2424, 339, 3, 0, 5, 35, 35, -1, 4),
(2425, 339, 3, 0, 5, 35, 35, -1, 4),
(2426, 339, 3, 0, 5, 35, 23, -1, 4),
(2427, 339, 3, 0, 5, 50, 47, -1, 4),
(2428, 340, 3, 0, 5, 50, 50, -1, 4),
(2429, 340, 3, 0, 5, 50, 49, -1, 4),
(2430, 340, 3, 0, 5, 50, 50, -1, 4),
(2431, 340, 3, 0, 5, 40, 40, -1, 4),
(2432, 340, 3, 0, 5, 51, 51, -1, 4),
(2433, 340, 3, 0, 5, 40, 40, -1, 4),
(2434, 340, 3, 0, 5, 35, 0, -1, 4),
(2435, 340, 3, 0, 5, 54, 54, -1, 4),
(2436, 340, 3, 0, 5, 54, 54, -1, 4),
(2437, 340, 3, 0, 5, 55, 55, -1, 4),
(2438, 340, 3, 0, 5, 55, 55, -1, 4),
(2439, 340, 3, 0, 5, 55, 55, -1, 4),
(2440, 340, 3, 0, 5, 55, 55, -1, 4),
(2441, 340, 3, 0, 5, 54, 54, -1, 4),
(2442, 341, 3, 0, 1, 54, 54, -1, 4),
(2443, 342, 3, 0, 6, 59, 59, -1, 4),
(2444, 343, 3, 0, 1, 53, 53, -1, 4),
(2445, 344, 3, 0, 6, 40, 40, -1, 4),
(2446, 345, 3, 0, 4, 51, 51, -1, 4),
(2447, 346, 3, 0, 1, 46, 46, -1, 4),
(2448, 347, 3, 0, 5, 45, 26, -1, 4),
(2449, 348, 3, 0, 6, 45, 45, -1, 4),
(2450, 349, 3, 0, 1, 40, 40, -1, 4),
(2451, 350, 3, 0, 6, 45, 0, -1, 4),
(2452, 351, 3, 0, 4, 45, 45, -1, 4),
(2453, 352, 3, 0, 1, 45, 45, -1, 4),
(2454, 353, 3, 0, 1, 45, 44, -1, 4),
(2455, 353, 3, 0, 1, 46, 46, -1, 4),
(2456, 354, 3, 0, 6, 40, 33, -1, 4),
(2457, 355, 3, 0, 6, 40, 29, -1, 4),
(2458, 356, 3, 0, 1, 47, 47, -1, 4),
(2459, 357, 3, 0, 2, 45, 33, -1, 4),
(2460, 358, 3, 0, 6, 45, 35, -1, 4),
(2461, 359, 3, 0, 6, 50, 48, -1, 4),
(2462, 360, 3, 0, 6, 50, 50, -1, 4),
(2463, 361, 3, 0, 6, 42, 42, -1, 4),
(2464, 362, 3, 0, 6, 20, 7, -1, 4),
(2465, 363, 3, 0, 1, 20, 20, -1, 4),
(2466, 364, 3, 0, 1, 25, 25, -1, 4),
(2467, 365, 3, 0, 6, 20, 14, -1, 4),
(2468, 366, 3, 0, 1, 20, 19, -1, 4),
(2469, 367, 3, 0, 6, 20, 20, -1, 4),
(2470, 368, 3, 0, 5, 20, 20, -1, 4),
(2471, 369, 3, 0, 6, 20, 0, -1, 4),
(2472, 370, 3, 0, 6, 20, 20, -1, 4),
(2473, 371, 3, 0, 6, 20, 20, -1, 4),
(2474, 372, 3, 0, 6, 20, 20, -1, 4),
(2475, 373, 3, 0, 5, 20, 20, -1, 4),
(2476, 374, 3, 0, 6, 20, 8, -1, 4),
(2477, 375, 3, 0, 6, 20, 20, -1, 4),
(2478, 375, 3, 0, 4, 20, 16, -1, 4),
(2479, 376, 3, 0, 2, 20, 20, -1, 4),
(2480, 377, 3, 0, 6, 20, 0, -1, 4),
(2481, 378, 3, 0, 1, 20, 20, -1, 4),
(2482, 378, 3, 0, 6, 20, 20, -1, 4),
(2483, 379, 3, 0, 5, 20, 20, -1, 4),
(2484, 379, 3, 0, 6, 20, 19, -1, 4),
(2485, 379, 3, 0, 5, 20, 20, -1, 4),
(2486, 379, 3, 0, 5, 20, 12, -1, 4),
(2487, 379, 3, 0, 5, 20, 9, -1, 4),
(2488, 379, 3, 0, 6, 20, 20, -1, 4),
(2489, 379, 3, 0, 6, 21, 21, -1, 4),
(2490, 379, 3, 0, 5, 20, 20, -1, 4),
(2491, 379, 3, 0, 4, 20, 20, -1, 4),
(2492, 379, 3, 0, 5, 21, 21, -1, 4),
(2493, 379, 3, 0, 5, 20, 16, -1, 4),
(2494, 379, 3, 0, 6, 20, 20, -1, 4),
(2495, 380, 3, 0, 6, 22, 22, -1, 4),
(2496, 381, 3, 0, 1, 20, 20, -1, 4),
(2497, 382, 3, 0, 1, 20, 20, -1, 4),
(2498, 383, 3, 0, 5, 20, 20, -1, 4),
(2499, 383, 3, 0, 5, 20, 20, -1, 4),
(2500, 383, 3, 0, 5, 20, 19, -1, 4),
(2501, 383, 3, 0, 5, 50, 50, -1, 4),
(2502, 384, 3, 0, 5, 50, 50, -1, 4),
(2503, 384, 3, 0, 6, 50, 50, -1, 4),
(2504, 384, 3, 0, 6, 50, 50, -1, 4),
(2505, 384, 3, 0, 1, 50, 50, -1, 4),
(2506, 385, 3, 0, 5, 50, 50, -1, 4),
(2507, 385, 3, 0, 5, 51, 51, -1, 4),
(2508, 386, 3, 0, 5, 50, 50, -1, 4),
(2509, 386, 3, 0, 5, 45, 40, -1, 4),
(2510, 386, 3, 0, 5, 45, 40, -1, 4),
(2511, 386, 3, 0, 5, 30, 4, -1, 4),
(2512, 386, 3, 0, 5, 30, 2, -1, 4),
(2513, 386, 3, 0, 5, 50, 40, -1, 4),
(2514, 386, 3, 0, 5, 50, 38, -1, 4),
(2515, 387, 3, 0, 6, 55, 55, -1, 4),
(2516, 388, 3, 0, 6, 55, 55, -1, 4),
(2517, 389, 3, 0, 1, 55, 55, -1, 4),
(2518, 390, 3, 0, 6, 55, 55, -1, 4),
(2519, 391, 3, 0, 6, 54, 54, -1, 4),
(2520, 392, 3, 0, 6, 54, 54, -1, 4),
(2521, 393, 3, 0, 1, 55, 55, -1, 4),
(2522, 394, 3, 0, 5, 55, 54, -1, 4),
(2523, 394, 3, 0, 5, 55, 54, -1, 4),
(2524, 394, 3, 0, 5, 55, 55, -1, 4),
(2525, 394, 3, 0, 5, 55, 55, -1, 4),
(2526, 394, 3, 0, 5, 51, 51, -1, 4),
(2527, 394, 3, 0, 5, 50, 25, -1, 4),
(2528, 394, 3, 0, 5, 50, 35, -1, 4),
(2529, 394, 3, 0, 5, 50, 25, -1, 4),
(2530, 394, 3, 0, 5, 50, 22, -1, 4),
(2531, 395, 3, 0, 5, 50, 50, -1, 4),
(2532, 396, 3, 0, 1, 50, 35, -1, 5),
(2533, 397, 3, 0, 1, 50, 0, -1, 5),
(2534, 398, 3, 0, 5, 50, 30, 0, 5),
(2535, 399, 3, 0, 1, 50, 27, -1, 5),
(2536, 400, 3, 0, 1, 50, 41, -1, 5),
(2537, 401, 3, 0, 1, 50, 50, -1, 5),
(2538, 402, 3, 0, 1, 50, 25, -1, 5),
(2539, 402, 3, 0, 4, 5, 2, -1, 5),
(2540, 403, 3, 0, 4, 50, 21, -1, 5),
(2541, 404, 3, 0, 4, 5, 2, -1, 5),
(2542, 405, 3, 0, 4, 55, 53, -1, 5),
(2543, 405, 3, 0, 4, 55, 52, -1, 5),
(2544, 406, 3, 0, 4, 55, 54, -1, 5),
(2545, 407, 3, 0, 4, 55, 55, -1, 5),
(2546, 407, 3, 0, 5, 50, 29, -1, 5),
(2547, 408, 3, 0, 4, 50, 50, -1, 5),
(2548, 408, 3, 0, 4, 51, 51, -1, 5),
(2549, 409, 3, 0, 1, 50, 50, -1, 5),
(2550, 409, 3, 0, 5, 50, 50, -1, 5),
(2551, 409, 3, 0, 5, 52, 52, -1, 5),
(2552, 410, 3, 0, 5, 50, 50, -1, 5),
(2553, 411, 3, 0, 5, 50, 43, -1, 5),
(2554, 411, 3, 0, 5, 50, 50, -1, 5),
(2555, 412, 3, 0, 5, 50, 50, -1, 5),
(2556, 412, 3, 0, 5, 51, 51, -1, 5),
(2557, 413, 3, 0, 1, 50, 24, -1, 5),
(2558, 414, 3, 0, 4, 5, 1, -1, 5),
(2559, 414, 3, 0, 4, 53, 53, -1, 5),
(2560, 414, 3, 0, 4, 56, 56, -1, 5),
(2561, 414, 3, 0, 4, 57, 57, -1, 5),
(2562, 415, 3, 0, 4, 56, 56, -1, 5),
(2563, 415, 3, 0, 4, 56, 56, -1, 5),
(2564, 415, 3, 0, 4, 20, 9, -1, 5),
(2565, 416, 3, 0, 4, 5, 1, -1, 5),
(2566, 416, 3, 0, 4, 20, 12, -1, 5),
(2567, 417, 3, 0, 5, 20, 7, -1, 5),
(2568, 417, 3, 0, 4, 5, 1, -1, 5),
(2569, 417, 3, 0, 4, 25, 24, -1, 5),
(2570, 418, 3, 0, 4, 28, 15, -1, 5),
(2571, 418, 3, 0, 4, 20, 19, -1, 5),
(2572, 418, 3, 0, 4, 12, 0, -1, 5),
(2573, 419, 3, 0, 4, 20, 19, -1, 5),
(2574, 419, 3, 0, 4, 12, 0, -1, 5),
(2575, 419, 3, 0, 5, 20, 9, -1, 5),
(2576, 420, 3, 0, 4, 20, 14, -1, 5),
(2577, 420, 3, 0, 4, 20, 14, -1, 5),
(2578, 420, 3, 0, 4, 15, 9, -1, 5),
(2579, 421, 3, 0, 5, 20, 19, -1, 5),
(2580, 421, 3, 0, 5, 20, 12, -1, 5),
(2581, 421, 3, 0, 5, 20, 16, -1, 5),
(2582, 421, 3, 0, 5, 20, 9, -1, 5),
(2583, 422, 3, 0, 4, 20, 17, -1, 5),
(2584, 422, 3, 0, 1, 20, 19, -1, 5),
(2585, 422, 3, 0, 4, 20, 12, -1, 5),
(2586, 422, 3, 0, 4, 15, 14, -1, 5),
(2587, 423, 3, 0, 1, 20, 11, -1, 5),
(2588, 423, 3, 0, 1, 20, 16, -1, 5),
(2589, 423, 3, 0, 1, 20, 12, -1, 5),
(2590, 424, 3, 0, 5, 15, 12, -1, 5),
(2591, 424, 3, 0, 5, 15, 12, -1, 5),
(2592, 425, 3, 0, 1, 15, 0, -1, 5),
(2593, 425, 3, 0, 4, 15, 3, -1, 5),
(2594, 425, 3, 0, 1, 15, 2, -1, 5),
(2595, 425, 3, 0, 1, 15, 2, -1, 5),
(2596, 426, 3, 0, 4, 15, 2, -1, 5),
(2597, 426, 3, 0, 4, 15, 2, -1, 5),
(2598, 426, 3, 0, 4, 15, 1, -1, 5),
(2599, 427, 3, 0, 1, 15, 1, -1, 5),
(2600, 427, 3, 0, 1, 15, 1, -1, 5),
(2601, 427, 3, 0, 1, 15, 2, -1, 5),
(2602, 427, 3, 0, 1, 15, 1, -1, 5),
(2603, 427, 3, 0, 1, 15, 1, -1, 5),
(2604, 427, 3, 0, 1, 15, 0, -1, 5),
(2605, 428, 3, 0, 4, 15, 0, -1, 5),
(2606, 428, 3, 0, 4, 15, 0, -1, 5),
(2607, 428, 3, 0, 4, 15, 6, -1, 5),
(2608, 429, 3, 0, 5, 15, 1, -1, 5),
(2609, 429, 3, 0, 5, 15, 10, -1, 5),
(2610, 429, 3, 0, 5, 15, 1, -1, 5),
(2611, 430, 3, 0, 1, 15, 0, 0, 5),
(2612, 430, 3, 0, 1, 15, 0, -1, 5),
(2613, 430, 3, 0, 1, 20, 0, -1, 5),
(2614, 430, 3, 0, 1, 20, 46, -1, 5),
(2615, 430, 3, 0, 1, 28, 46, -1, 5),
(2616, 1, 4, 0, 5, 51, 40, -1, 1),
(2617, 1, 4, 0, 5, 50, 45, -1, 1),
(2618, 1, 4, 0, 6, 50, 50, -1, 1),
(2619, 2, 4, 0, 5, 50, 50, -1, 1),
(2620, 3, 4, 0, 5, 50, 50, -1, 1),
(2621, 4, 4, 0, 5, 50, 41, -1, 1),
(2622, 4, 4, 0, 5, 50, 50, -1, 1),
(2623, 5, 4, 0, 5, 50, 48, -1, 1),
(2624, 6, 4, 0, 5, 50, 42, -1, 1),
(2625, 6, 4, 0, 5, 50, 40, -1, 1),
(2626, 6, 4, 0, 5, 40, 40, -1, 1),
(2627, 7, 4, 0, 5, 40, 40, -1, 1),
(2628, 7, 4, 0, 5, 40, 40, -1, 1),
(2629, 7, 4, 0, 5, 40, 39, -1, 1),
(2630, 8, 4, 0, 5, 40, 37, -1, 1),
(2631, 8, 4, 0, 5, 41, 41, -1, 1),
(2632, 8, 4, 0, 5, 40, 40, -1, 1),
(2633, 9, 4, 0, 5, 40, 29, -1, 1),
(2634, 9, 4, 0, 5, 40, 32, -1, 1),
(2635, 9, 4, 0, 5, 40, 39, -1, 1),
(2636, 9, 4, 0, 5, 40, 33, -1, 1),
(2637, 9, 4, 0, 5, 35, 30, -1, 1),
(2638, 9, 4, 0, 5, 35, 22, -1, 1),
(2639, 10, 4, 0, 5, 40, 35, -1, 1),
(2640, 11, 4, 0, 5, 40, 17, -1, 1),
(2641, 12, 4, 0, 5, 25, 12, -1, 1),
(2642, 12, 4, 0, 5, 48, 45, -1, 1),
(2643, 12, 4, 0, 5, 40, 38, -1, 1),
(2644, 12, 4, 0, 5, 40, 38, -1, 1),
(2645, 12, 4, 0, 5, 40, 40, -1, 1),
(2646, 12, 4, 0, 5, 40, 39, -1, 1),
(2647, 12, 4, 0, 5, 40, 32, -1, 1),
(2648, 12, 4, 0, 5, 40, 39, -1, 1),
(2649, 13, 4, 0, 6, 40, 39, -1, 1),
(2650, 14, 4, 0, 5, 40, 12, -1, 1),
(2651, 15, 4, 0, 5, 40, 35, -1, 1),
(2652, 16, 4, 0, 4, 40, 32, -1, 1),
(2653, 17, 4, 0, 5, 20, 14, -1, 1),
(2654, 17, 4, 0, 5, 20, 10, -1, 1),
(2655, 17, 4, 0, 5, 20, 9, -1, 1),
(2656, 17, 4, 0, 5, 20, 5, -1, 1),
(2657, 17, 4, 0, 5, 20, 10, -1, 1),
(2658, 18, 4, 0, 6, 10, 1, -1, 1),
(2659, 19, 4, 0, 4, 200, 199, -1, 1),
(2660, 20, 4, 0, 6, 10, 0, -1, 1),
(2661, 21, 4, 0, 5, 21, 21, -1, 1),
(2662, 21, 4, 0, 5, 21, 21, -1, 1),
(2663, 21, 4, 0, 5, 15, 0, -1, 1),
(2664, 21, 4, 0, 5, 15, 0, -1, 1),
(2665, 21, 4, 0, 5, 25, 0, -1, 1),
(2666, 21, 4, 0, 5, 25, 24, -1, 1),
(2667, 22, 4, 0, 5, 35, 0, -1, 1),
(2668, 22, 4, 0, 5, 30, 0, -1, 1),
(2669, 22, 4, 0, 5, 40, 11, -1, 1),
(2670, 22, 4, 0, 5, 35, 22, -1, 1),
(2671, 22, 4, 0, 5, 20, 16, -1, 1),
(2672, 22, 4, 0, 5, 35, 27, -1, 1),
(2673, 22, 4, 0, 5, 35, 23, -1, 1),
(2674, 23, 4, 0, 5, 25, 19, -1, 1),
(2675, 24, 4, 0, 5, 25, 23, -1, 1),
(2676, 25, 4, 0, 5, 20, 6, -1, 1),
(2677, 25, 4, 0, 5, 15, 0, -1, 1),
(2678, 26, 4, 0, 5, 20, 10, -1, 1),
(2679, 26, 4, 0, 5, 40, 0, -1, 1),
(2680, 27, 4, 0, 5, 15, 12, -1, 1),
(2681, 27, 4, 0, 5, 15, 8, -1, 1),
(2682, 27, 4, 0, 5, 15, 11, -1, 1),
(2683, 28, 4, 0, 5, 18, 0, -1, 1),
(2684, 28, 4, 0, 5, 15, 0, -1, 1),
(2685, 28, 4, 0, 5, 15, 8, -1, 1),
(2686, 28, 4, 0, 5, 20, 18, -1, 1),
(2687, 28, 4, 0, 5, 45, 41, -1, 1),
(2688, 28, 4, 0, 5, 45, 44, -1, 1),
(2689, 29, 4, 0, 5, 47, 47, -1, 1),
(2690, 29, 4, 0, 5, 45, 45, -1, 1),
(2691, 30, 4, 0, 5, 45, 26, -1, 1),
(2692, 31, 4, 0, 5, 45, 45, -1, 1),
(2693, 31, 4, 0, 5, 46, 46, -1, 1),
(2694, 32, 4, 0, 5, 58, 57, -1, 1),
(2695, 32, 4, 0, 5, 45, 44, -1, 1),
(2696, 33, 4, 0, 5, 45, 31, -1, 1),
(2697, 33, 4, 0, 5, 46, 46, -1, 1),
(2698, 34, 4, 0, 5, 45, 45, -1, 1),
(2699, 34, 4, 0, 5, 45, 0, -1, 1),
(2700, 35, 4, 0, 5, 45, 0, -1, 1),
(2701, 35, 4, 0, 5, 45, 0, -1, 1),
(2702, 35, 4, 0, 5, 10, 0, -1, 1),
(2703, 35, 4, 0, 5, 45, 0, -1, 1),
(2704, 35, 4, 0, 5, 20, 8, -1, 1),
(2705, 36, 4, 0, 6, 20, 8, -1, 1),
(2706, 37, 4, 0, 5, 50, 46, -1, 1),
(2707, 38, 4, 0, 5, 20, 0, -1, 1),
(2708, 38, 4, 0, 5, 50, 46, -1, 1),
(2709, 39, 4, 0, 5, 20, 0, -1, 1),
(2710, 40, 4, 0, 5, 20, 0, -1, 1),
(2711, 40, 4, 0, 5, 20, 0, -1, 1),
(2712, 41, 4, 0, 5, 15, 2, -1, 1),
(2713, 42, 4, 0, 5, 15, 1, -1, 1),
(2714, 42, 4, 0, 5, 10, 1, -1, 1),
(2715, 43, 4, 0, 5, 10, 4, -1, 1),
(2716, 43, 4, 0, 5, 50, 24, -1, 1),
(2717, 44, 4, 0, 5, 50, 39, -1, 1),
(2718, 44, 4, 0, 5, 30, 24, -1, 1),
(2719, 44, 4, 0, 5, 30, 30, -1, 1),
(2720, 44, 4, 0, 5, 30, 28, -1, 1),
(2721, 44, 4, 0, 5, 50, 46, -1, 1),
(2722, 45, 4, 0, 6, 50, 46, -1, 1),
(2723, 46, 4, 0, 6, 50, 36, -1, 1),
(2724, 47, 4, 0, 6, 35, 31, -1, 1),
(2725, 48, 4, 0, 6, 35, 31, -1, 1),
(2726, 49, 4, 0, 5, 35, 35, -1, 1),
(2727, 50, 4, 0, 4, 35, 34, -1, 1),
(2728, 51, 4, 0, 5, 35, 35, -1, 1),
(2729, 52, 4, 0, 5, 35, 11, -1, 1),
(2730, 53, 4, 0, 6, 35, 35, -1, 1),
(2731, 54, 4, 0, 6, 35, 34, -1, 1),
(2732, 55, 4, 0, 4, 35, 9, -1, 1),
(2733, 56, 4, 0, 6, 35, 35, -1, 1),
(2734, 57, 4, 0, 6, 40, 40, -1, 1),
(2735, 58, 4, 0, 4, 40, 39, -1, 1),
(2736, 58, 4, 0, 6, 40, 40, -1, 1),
(2737, 58, 4, 0, 5, 40, 29, -1, 1),
(2738, 58, 4, 0, 5, 41, 41, -1, 1),
(2739, 58, 4, 0, 6, 41, 41, -1, 1),
(2740, 59, 4, 0, 4, 40, 39, -1, 1),
(2741, 59, 4, 0, 6, 48, 48, -1, 1),
(2742, 59, 4, 0, 5, 48, 48, -1, 1),
(2743, 59, 4, 0, 5, 48, 47, -1, 1),
(2744, 59, 4, 0, 6, 48, 48, -1, 1),
(2745, 59, 4, 0, 5, 48, 48, -1, 1),
(2746, 59, 4, 0, 5, 49, 49, -1, 1),
(2747, 59, 4, 0, 4, 54, 54, -1, 1),
(2748, 59, 4, 0, 6, 53, 53, -1, 1),
(2749, 60, 4, 0, 5, 53, 51, -1, 1),
(2750, 60, 4, 0, 5, 50, 37, -1, 1),
(2751, 60, 4, 0, 4, 50, 49, -1, 1),
(2752, 61, 4, 0, 5, 20, 18, -1, 1),
(2753, 61, 4, 0, 5, 20, 18, -1, 1),
(2754, 61, 4, 0, 5, 20, 19, -1, 1),
(2755, 61, 4, 0, 5, 30, 27, -1, 1),
(2756, 62, 4, 0, 5, 33, 32, -1, 1),
(2757, 62, 4, 0, 5, 33, 33, -1, 1),
(2758, 62, 4, 0, 5, 33, 33, -1, 1),
(2759, 62, 4, 0, 5, 33, 32, -1, 1),
(2760, 62, 4, 0, 5, 33, 33, -1, 1),
(2761, 62, 4, 0, 5, 33, 30, -1, 1),
(2762, 63, 4, 0, 5, 35, 0, -1, 1),
(2763, 63, 4, 0, 5, 45, 44, -1, 1),
(2764, 63, 4, 0, 5, 30, 0, -1, 1),
(2765, 63, 4, 0, 5, 45, 45, -1, 1),
(2766, 63, 4, 0, 5, 33, 31, -1, 1),
(2767, 63, 4, 0, 5, 33, 32, -1, 1),
(2768, 63, 4, 0, 5, 33, 33, -1, 1),
(2769, 63, 4, 0, 5, 33, 33, -1, 1),
(2770, 64, 4, 0, 5, 33, 32, -1, 1),
(2771, 64, 4, 0, 5, 33, 33, -1, 1),
(2772, 64, 4, 0, 5, 33, 33, -1, 1),
(2773, 64, 4, 0, 5, 33, 30, -1, 1),
(2774, 64, 4, 0, 5, 35, 0, -1, 1),
(2775, 64, 4, 0, 5, 45, 44, -1, 1),
(2776, 64, 4, 0, 5, 45, 45, -1, 1),
(2777, 64, 4, 0, 5, 33, 32, -1, 1),
(2778, 65, 4, 0, 5, 31, 30, 0, 1),
(2779, 66, 4, 0, 5, 31, 30, -1, 1),
(2780, 67, 4, 0, 6, 31, 25, -1, 1),
(2781, 67, 4, 0, 5, 31, 31, -1, 1),
(2782, 68, 4, 0, 5, 31, 31, -1, 1),
(2783, 68, 4, 0, 5, 31, 31, -1, 1),
(2784, 69, 4, 0, 5, 31, 31, -1, 1),
(2785, 70, 4, 0, 5, 32, 31, -1, 1),
(2786, 70, 4, 0, 5, 31, 28, -1, 1),
(2787, 71, 4, 0, 5, 31, 22, -1, 1),
(2788, 71, 4, 0, 5, 31, 31, -1, 1),
(2789, 72, 4, 0, 6, 31, 29, -1, 1),
(2790, 72, 4, 0, 5, 31, 31, -1, 1),
(2791, 72, 4, 0, 5, 30, 10, -1, 1),
(2792, 72, 4, 0, 5, 30, 22, -1, 1),
(2793, 72, 4, 0, 5, 15, 7, -1, 1),
(2794, 73, 4, 0, 5, 15, 15, -1, 1),
(2795, 73, 4, 0, 5, 15, 14, -1, 1),
(2796, 73, 4, 0, 5, 15, 15, -1, 1),
(2797, 73, 4, 0, 5, 20, 10, -1, 1),
(2798, 73, 4, 0, 5, 20, 11, -1, 1),
(2799, 73, 4, 0, 5, 20, 20, -1, 1),
(2800, 73, 4, 0, 5, 30, 16, -1, 1),
(2801, 73, 4, 0, 5, 15, 7, -1, 1),
(2802, 74, 4, 0, 6, 30, 13, -1, 2),
(2803, 75, 4, 0, 6, 15, 5, -1, 2),
(2804, 76, 4, 0, 6, 15, 7, -1, 2),
(2805, 77, 4, 0, 6, 20, 6, -1, 2),
(2806, 78, 4, 0, 6, 20, 8, -1, 2),
(2807, 78, 4, 0, 1, 20, 13, -1, 2),
(2808, 79, 4, 0, 1, 20, 9, -1, 2),
(2809, 80, 4, 0, 6, 20, 14, -1, 2),
(2810, 81, 4, 0, 6, 20, 9, -1, 2),
(2811, 82, 4, 0, 4, 20, 17, -1, 2),
(2812, 83, 4, 0, 6, 30, 12, -1, 2),
(2813, 84, 4, 0, 1, 31, 31, -1, 2),
(2814, 85, 4, 0, 6, 30, 15, -1, 2),
(2815, 86, 4, 0, 6, 30, 14, -1, 2),
(2816, 87, 4, 0, 5, 15, 15, -1, 2),
(2817, 88, 4, 0, 1, 20, 10, -1, 2),
(2818, 89, 4, 0, 6, 20, 6, -1, 2),
(2819, 90, 4, 0, 6, 22, 22, 0, 2),
(2820, 91, 4, 0, 4, 20, 17, -1, 2),
(2821, 92, 4, 0, 6, 20, 19, 0, 2),
(2822, 93, 4, 0, 6, 20, 8, -1, 2),
(2823, 94, 4, 0, 6, 20, 14, -1, 2),
(2824, 95, 4, 0, 6, 30, 10, -1, 2),
(2825, 96, 4, 0, 6, 30, 2, 0, 2),
(2826, 97, 4, 0, 6, 35, 30, -1, 2),
(2827, 98, 4, 0, 6, 35, 32, -1, 2),
(2828, 99, 4, 0, 1, 35, 35, -1, 2),
(2829, 100, 4, 0, 4, 36, 36, -1, 2),
(2830, 100, 4, 0, 5, 35, 31, -1, 2),
(2831, 100, 4, 0, 5, 35, 35, 0, 2),
(2832, 100, 4, 0, 5, 35, 30, -1, 2),
(2833, 100, 4, 0, 5, 35, 35, -1, 2),
(2834, 100, 4, 0, 5, 36, 36, -1, 2),
(2835, 100, 4, 0, 5, 57, 57, -1, 2),
(2836, 100, 4, 0, 5, 61, 61, -1, 2),
(2837, 100, 4, 0, 5, 45, 21, -1, 2),
(2838, 101, 4, 0, 1, 45, 22, -1, 2),
(2839, 102, 4, 0, 5, 45, 33, -1, 2),
(2840, 103, 4, 0, 6, 45, 0, -1, 2),
(2841, 104, 4, 0, 5, 35, 21, -1, 2),
(2842, 105, 4, 0, 2, 35, 22, -1, 2),
(2843, 106, 4, 0, 5, 35, 33, -1, 2),
(2844, 107, 4, 0, 5, 35, 0, -1, 2),
(2845, 108, 4, 0, 6, 40, 29, -1, 2),
(2846, 109, 4, 0, 5, 41, 41, -1, 2),
(2847, 110, 4, 0, 5, 40, 0, -1, 2),
(2848, 110, 4, 0, 5, 41, 41, -1, 2),
(2849, 111, 4, 0, 5, 46, 44, -1, 2),
(2850, 112, 4, 0, 4, 35, 35, -1, 2),
(2851, 113, 4, 0, 6, 38, 37, -1, 2),
(2852, 114, 4, 0, 5, 35, 0, -1, 2),
(2853, 115, 4, 0, 6, 40, 40, -1, 2),
(2854, 116, 4, 0, 1, 46, 44, -1, 2),
(2855, 117, 4, 0, 5, 35, 35, -1, 2),
(2856, 118, 4, 0, 5, 38, 37, -1, 2),
(2857, 119, 4, 0, 5, 35, 0, -1, 2),
(2858, 120, 4, 0, 6, 40, 40, -1, 2),
(2859, 121, 4, 0, 5, 45, 27, -1, 2),
(2860, 122, 4, 0, 4, 45, 37, -1, 2),
(2861, 122, 4, 0, 6, 45, 32, -1, 2),
(2862, 123, 4, 0, 6, 45, 0, -1, 2),
(2863, 124, 4, 0, 5, 40, 27, -1, 2),
(2864, 124, 4, 0, 5, 40, 37, -1, 2),
(2865, 125, 4, 0, 5, 40, 32, -1, 2),
(2866, 126, 4, 0, 6, 30, 0, -1, 2),
(2867, 126, 4, 0, 1, 50, 26, -1, 2),
(2868, 127, 4, 0, 6, 50, 22, -1, 2),
(2869, 128, 4, 0, 5, 50, 35, -1, 2),
(2870, 129, 4, 0, 4, 35, 26, -1, 2),
(2871, 129, 4, 0, 6, 35, 22, -1, 2),
(2872, 129, 4, 0, 5, 35, 35, -1, 2),
(2873, 129, 4, 0, 5, 35, 34, -1, 2),
(2874, 129, 4, 0, 5, 32, 31, -1, 2),
(2875, 129, 4, 0, 5, 35, 19, -1, 2),
(2876, 129, 4, 0, 5, 40, 29, -1, 2),
(2877, 129, 4, 0, 5, 35, 34, -1, 2),
(2878, 130, 4, 0, 5, 32, 31, -1, 2),
(2879, 130, 4, 0, 5, 35, 19, -1, 2),
(2880, 131, 4, 0, 6, 40, 29, -1, 2),
(2881, 132, 4, 0, 6, 35, 34, 0, 2),
(2882, 133, 4, 0, 1, 38, 37, -1, 2),
(2883, 134, 4, 0, 6, 45, 38, 0, 2),
(2884, 135, 4, 0, 6, 35, 34, -1, 2),
(2885, 136, 4, 0, 5, 38, 37, -1, 2),
(2886, 136, 4, 0, 6, 45, 38, -1, 2),
(2887, 136, 4, 0, 6, 45, 45, -1, 2),
(2888, 136, 4, 0, 5, 45, 44, -1, 2),
(2889, 136, 4, 0, 6, 45, 30, -1, 2),
(2890, 137, 4, 0, 5, 45, 37, -1, 2),
(2891, 138, 4, 0, 6, 45, 22, -1, 2),
(2892, 139, 4, 0, 6, 45, 34, -1, 2),
(2893, 140, 4, 0, 6, 37, 37, -1, 2),
(2894, 141, 4, 0, 6, 35, 22, -1, 2),
(2895, 142, 4, 0, 6, 40, 34, -1, 2),
(2896, 143, 4, 0, 1, 25, -1, -1, 2),
(2897, 144, 4, 0, 1, 48, 47, -1, 2),
(2898, 145, 4, 0, 6, 40, 38, -1, 2),
(2899, 146, 4, 0, 1, 25, -1, -1, 2),
(2900, 147, 4, 0, 6, 48, 47, -1, 2),
(2901, 148, 4, 0, 6, 40, 38, -1, 2),
(2902, 149, 4, 0, 5, 45, 25, -1, 2),
(2903, 150, 4, 0, 6, 45, 44, 0, 2),
(2904, 151, 4, 0, 5, 35, 32, -1, 2),
(2905, 152, 4, 0, 6, 35, 33, 0, 2),
(2906, 153, 4, 0, 6, 45, 40, -1, 2),
(2907, 154, 4, 0, 1, 45, 37, -1, 3),
(2908, 155, 4, 0, 1, 40, 40, -1, 3),
(2909, 156, 4, 0, 4, 40, 37, -1, 3),
(2910, 157, 4, 0, 5, 45, 35, -1, 3),
(2911, 158, 4, 0, 5, 45, 0, -1, 3),
(2912, 159, 4, 0, 5, 50, 50, -1, 3),
(2913, 159, 4, 0, 4, 45, 0, -1, 3),
(2914, 160, 4, 0, 5, 45, 22, -1, 3),
(2915, 160, 4, 0, 5, 45, 37, -1, 3),
(2916, 160, 4, 0, 5, 45, 20, -1, 3),
(2917, 160, 4, 0, 5, 45, 0, -1, 3),
(2918, 160, 4, 0, 5, 35, 22, -1, 3),
(2919, 161, 4, 0, 5, 37, 37, -1, 3),
(2920, 161, 4, 0, 5, 35, 20, -1, 3),
(2921, 161, 4, 0, 5, 35, 0, -1, 3),
(2922, 161, 4, 0, 5, 35, 34, -1, 3),
(2923, 161, 4, 0, 5, 36, 36, -1, 3),
(2924, 161, 4, 0, 5, 35, 20, -1, 3),
(2925, 161, 4, 0, 5, 35, 34, -1, 3),
(2926, 162, 4, 0, 5, 36, 36, -1, 3);
INSERT INTO `section` (`id`, `course_id`, `semester_id`, `department_id`, `classroom_id`, `section_capacity`, `enrolled_students`, `blocked`, `school_id`) VALUES
(2927, 163, 4, 0, 2, 35, 20, -1, 3),
(2928, 164, 4, 0, 1, 51, 51, -1, 3),
(2929, 165, 4, 0, 5, 25, 1, -1, 3),
(2930, 166, 4, 0, 5, 53, 52, -1, 3),
(2931, 166, 4, 0, 5, 25, 1, -1, 3),
(2932, 167, 4, 0, 5, 25, 6, -1, 3),
(2933, 168, 4, 0, 5, 25, 17, -1, 3),
(2934, 169, 4, 0, 5, 46, 46, -1, 3),
(2935, 169, 4, 0, 5, 50, 49, -1, 3),
(2936, 169, 4, 0, 5, 35, 5, -1, 3),
(2937, 169, 4, 0, 5, 35, 26, -1, 3),
(2938, 169, 4, 0, 5, 20, 7, -1, 3),
(2939, 169, 4, 0, 5, 3, 0, -1, 3),
(2940, 169, 4, 0, 5, 5, 5, -1, 3),
(2941, 169, 4, 0, 5, 3, 0, -1, 3),
(2942, 170, 4, 0, 5, 3, 1, -1, 3),
(2943, 171, 4, 0, 5, 3, 0, -1, 3),
(2944, 171, 4, 0, 5, 3, 0, -1, 3),
(2945, 171, 4, 0, 5, 7, 6, -1, 3),
(2946, 172, 4, 0, 5, 3, 0, -1, 3),
(2947, 173, 4, 0, 1, 3, 1, -1, 3),
(2948, 174, 4, 0, 5, 6, 5, -1, 3),
(2949, 174, 4, 0, 5, 6, 1, -1, 3),
(2950, 174, 4, 0, 5, 6, 1, -1, 3),
(2951, 174, 4, 0, 5, 6, 6, -1, 3),
(2952, 175, 4, 0, 5, 6, 1, -1, 3),
(2953, 176, 4, 0, 5, 6, 2, -1, 3),
(2954, 176, 4, 0, 5, 6, 4, -1, 3),
(2955, 176, 4, 0, 5, 6, 3, -1, 3),
(2956, 176, 4, 0, 5, 6, 2, -1, 3),
(2957, 176, 4, 0, 5, 6, 6, -1, 3),
(2958, 176, 4, 0, 5, 45, 28, -1, 3),
(2959, 177, 4, 0, 5, 45, 44, -1, 3),
(2960, 177, 4, 0, 5, 45, 33, -1, 3),
(2961, 177, 4, 0, 5, 45, 45, -1, 3),
(2962, 177, 4, 0, 5, 45, 42, -1, 3),
(2963, 177, 4, 0, 5, 45, 40, -1, 3),
(2964, 177, 4, 0, 5, 45, 42, -1, 3),
(2965, 177, 4, 0, 5, 45, 45, -1, 3),
(2966, 177, 4, 0, 5, 45, 45, -1, 3),
(2967, 177, 4, 0, 5, 45, 43, -1, 3),
(2968, 178, 4, 0, 5, 45, 40, -1, 3),
(2969, 179, 4, 0, 5, 45, 33, -1, 3),
(2970, 179, 4, 0, 5, 45, 19, -1, 3),
(2971, 180, 4, 0, 5, 45, 45, -1, 3),
(2972, 181, 4, 0, 3, 45, 12, -1, 3),
(2973, 182, 4, 0, 5, 45, 44, -1, 3),
(2974, 183, 4, 0, 3, 45, 33, -1, 3),
(2975, 183, 4, 0, 3, 45, 45, -1, 3),
(2976, 184, 4, 0, 5, 45, 40, -1, 3),
(2977, 185, 4, 0, 3, 45, 45, -1, 3),
(2978, 186, 4, 0, 5, 45, 45, -1, 3),
(2979, 187, 4, 0, 3, 40, 20, -1, 3),
(2980, 188, 4, 0, 5, 45, 33, -1, 3),
(2981, 189, 4, 0, 3, 45, 32, -1, 3),
(2982, 190, 4, 0, 5, 45, 4, -1, 3),
(2983, 191, 4, 0, 5, 30, 17, -1, 3),
(2984, 192, 4, 0, 5, 33, 33, -1, 3),
(2985, 193, 4, 0, 3, 30, 23, -1, 3),
(2986, 194, 4, 0, 5, 30, 30, -1, 3),
(2987, 195, 4, 0, 3, 30, 30, -1, 3),
(2988, 196, 4, 0, 5, 30, 28, -1, 3),
(2989, 197, 4, 0, 3, 30, 12, -1, 3),
(2990, 197, 4, 0, 3, 30, 22, -1, 3),
(2991, 198, 4, 0, 5, 30, 3, -1, 3),
(2992, 199, 4, 0, 2, 30, 7, -1, 3),
(2993, 199, 4, 0, 2, 30, 13, -1, 3),
(2994, 200, 4, 0, 5, 30, 25, -1, 3),
(2995, 201, 4, 0, 3, 30, 17, -1, 3),
(2996, 201, 4, 0, 3, 30, 4, -1, 3),
(2997, 202, 4, 0, 5, 35, 14, -1, 3),
(2998, 203, 4, 0, 2, 35, 35, -1, 3),
(2999, 203, 4, 0, 2, 40, 38, -1, 3),
(3000, 204, 4, 0, 5, 50, 41, -1, 3),
(3001, 205, 4, 0, 3, 23, 16, -1, 3),
(3002, 205, 4, 0, 3, 20, 11, -1, 3),
(3003, 206, 4, 0, 5, 35, 18, -1, 3),
(3004, 207, 4, 0, 2, 35, 29, -1, 3),
(3005, 208, 4, 0, 3, 20, 4, -1, 3),
(3006, 209, 4, 0, 2, 20, 11, -1, 3),
(3007, 210, 4, 0, 5, 40, 19, -1, 3),
(3008, 211, 4, 0, 3, 35, 32, -1, 3),
(3009, 211, 4, 0, 3, 35, 7, -1, 3),
(3010, 212, 4, 0, 5, 40, 21, -1, 3),
(3011, 213, 4, 0, 3, 20, 12, -1, 3),
(3012, 214, 4, 0, 5, 20, 10, -1, 3),
(3013, 215, 4, 0, 5, 25, 20, -1, 3),
(3014, 216, 4, 0, 3, 35, 7, -1, 3),
(3015, 216, 4, 0, 3, 35, 28, -1, 3),
(3016, 217, 4, 0, 4, 20, 16, -1, 3),
(3017, 217, 4, 0, 4, 20, 18, -1, 3),
(3018, 218, 4, 0, 5, 41, 36, -1, 3),
(3019, 218, 4, 0, 6, 15, 15, -1, 3),
(3020, 219, 4, 0, 4, 18, 18, -1, 3),
(3021, 219, 4, 0, 6, 40, 31, -1, 3),
(3022, 220, 4, 0, 2, 22, 22, -1, 3),
(3023, 220, 4, 0, 2, 20, 19, -1, 3),
(3024, 221, 4, 0, 5, 20, 17, -1, 3),
(3025, 221, 4, 0, 4, 23, 23, -1, 3),
(3026, 222, 4, 0, 3, 52, 51, -1, 3),
(3027, 222, 4, 0, 3, 27, 27, -1, 3),
(3028, 223, 4, 0, 4, 20, 13, -1, 3),
(3029, 224, 4, 0, 4, 49, 49, -1, 3),
(3030, 225, 4, 0, 4, 22, 17, -1, 3),
(3031, 225, 4, 0, 4, 23, 23, -1, 3),
(3032, 226, 4, 0, 5, 40, 29, -1, 3),
(3033, 227, 4, 0, 5, 20, 18, -1, 3),
(3034, 228, 4, 0, 5, 20, 13, -1, 3),
(3035, 229, 4, 0, 5, 40, 37, -1, 3),
(3036, 230, 4, 0, 5, 20, 16, -1, 3),
(3037, 231, 4, 0, 5, 20, 17, -1, 3),
(3038, 232, 4, 0, 5, 20, 17, -1, 3),
(3039, 232, 4, 0, 5, 15, 0, -1, 3),
(3040, 233, 4, 0, 5, 15, 13, -1, 3),
(3041, 234, 4, 0, 5, 16, 16, -1, 3),
(3042, 235, 4, 0, 3, 15, 2, 0, 3),
(3043, 235, 4, 0, 6, 15, 4, -1, 3),
(3044, 235, 4, 0, 3, 40, 10, -1, 3),
(3045, 236, 4, 0, 5, 40, 27, -1, 3),
(3046, 236, 4, 0, 6, 20, 12, -1, 3),
(3047, 236, 4, 0, 5, 20, 10, -1, 3),
(3048, 237, 4, 0, 3, 40, 15, 0, 3),
(3049, 237, 4, 0, 3, 20, 14, -1, 3),
(3050, 237, 4, 0, 3, 40, 32, -1, 3),
(3051, 238, 4, 0, 5, 20, 4, -1, 3),
(3052, 238, 4, 0, 5, 30, 0, -1, 3),
(3053, 238, 4, 0, 6, 20, 9, -1, 3),
(3054, 239, 4, 0, 5, 40, 8, -1, 3),
(3055, 239, 4, 0, 5, 40, 10, -1, 3),
(3056, 240, 4, 0, 5, 10, 3, -1, 3),
(3057, 240, 4, 0, 4, 10, 0, -1, 3),
(3058, 241, 4, 0, 7, 10, 2, -1, 3),
(3059, 241, 4, 0, 7, 10, 2, -1, 3),
(3060, 242, 4, 0, 5, 10, 2, -1, 3),
(3061, 242, 4, 0, 5, 10, 0, -1, 3),
(3062, 243, 4, 0, 3, 10, 0, -1, 3),
(3063, 243, 4, 0, 3, 10, 0, -1, 3),
(3064, 244, 4, 0, 4, 10, 1, -1, 3),
(3065, 244, 4, 0, 5, 10, 2, -1, 3),
(3066, 244, 4, 0, 5, 10, 0, -1, 3),
(3067, 245, 4, 0, 3, 10, 9, 0, 3),
(3068, 245, 4, 0, 3, 30, 12, 0, 3),
(3069, 245, 4, 0, 4, 30, 20, 0, 3),
(3070, 246, 4, 0, 3, 30, 16, -1, 3),
(3071, 246, 4, 0, 3, 30, 8, -1, 3),
(3072, 246, 4, 0, 4, 30, 27, -1, 3),
(3073, 247, 4, 0, 7, 30, 15, -1, 3),
(3074, 247, 4, 0, 7, 30, 26, 0, 3),
(3075, 247, 4, 0, 7, 30, 18, 0, 3),
(3076, 248, 4, 0, 5, 30, 20, -1, 3),
(3077, 248, 4, 0, 5, 30, 7, -1, 3),
(3078, 248, 4, 0, 4, 30, 21, -1, 3),
(3079, 249, 4, 0, 5, 30, 15, -1, 3),
(3080, 249, 4, 0, 5, 30, 16, -1, 3),
(3081, 250, 4, 0, 3, 30, 5, 0, 3),
(3082, 250, 4, 0, 3, 49, 47, 0, 3),
(3083, 250, 4, 0, 3, 48, 48, 0, 3),
(3084, 251, 4, 0, 3, 48, 48, -1, 3),
(3085, 251, 4, 0, 3, 50, 49, -1, 3),
(3086, 251, 4, 0, 3, 48, 47, -1, 3),
(3087, 252, 4, 0, 3, 46, 44, 0, 3),
(3088, 252, 4, 0, 3, 49, 48, -1, 3),
(3089, 252, 4, 0, 3, 46, 46, 0, 3),
(3090, 252, 4, 0, 3, 40, 39, 0, 3),
(3091, 253, 4, 0, 3, 50, 49, -1, 3),
(3092, 253, 4, 0, 3, 47, 46, -1, 3),
(3093, 253, 4, 0, 3, 50, 49, -1, 3),
(3094, 253, 4, 0, 3, 51, 51, -1, 3),
(3095, 254, 4, 0, 7, 42, 42, -1, 3),
(3096, 254, 4, 0, 7, 40, 40, -1, 3),
(3097, 255, 4, 0, 4, 40, 39, -1, 3),
(3098, 255, 4, 0, 5, 47, 45, -1, 3),
(3099, 256, 4, 0, 7, 40, 37, 0, 3),
(3100, 256, 4, 0, 7, 40, 40, 0, 3),
(3101, 256, 4, 0, 7, 46, 45, 0, 3),
(3102, 257, 4, 0, 5, 40, 39, -1, 3),
(3103, 257, 4, 0, 5, 50, 48, -1, 3),
(3104, 257, 4, 0, 4, 40, 39, -1, 3),
(3105, 258, 4, 0, 4, 50, 48, -1, 3),
(3106, 258, 4, 0, 3, 47, 46, 0, 3),
(3107, 258, 4, 0, 3, 30, 28, 0, 3),
(3108, 258, 4, 0, 3, 30, 27, -1, 3),
(3109, 258, 4, 0, 3, 30, 28, 0, 3),
(3110, 259, 4, 0, 4, 40, 37, -1, 3),
(3111, 259, 4, 0, 3, 40, 39, -1, 3),
(3112, 259, 4, 0, 3, 30, 25, -1, 3),
(3113, 259, 4, 0, 3, 20, 18, -1, 3),
(3114, 259, 4, 0, 3, 20, 20, -1, 3),
(3115, 260, 4, 0, 6, 44, 43, -1, 3),
(3116, 260, 4, 0, 5, 42, 42, -1, 3),
(3117, 260, 4, 0, 5, 20, 12, -1, 3),
(3118, 260, 4, 0, 5, 20, 19, -1, 3),
(3119, 261, 4, 0, 7, 20, 18, -1, 3),
(3120, 261, 4, 0, 7, 40, 40, -1, 3),
(3121, 261, 4, 0, 7, 40, 27, -1, 3),
(3122, 262, 4, 0, 6, 40, 36, -1, 3),
(3123, 262, 4, 0, 5, 40, 38, -1, 3),
(3124, 262, 4, 0, 4, 40, 40, -1, 3),
(3125, 263, 4, 0, 5, 40, 39, -1, 3),
(3126, 263, 4, 0, 6, 40, 40, -1, 3),
(3127, 263, 4, 0, 5, 40, 39, -1, 3),
(3128, 264, 4, 0, 4, 40, 36, 0, 3),
(3129, 265, 4, 0, 4, 20, 10, -1, 3),
(3130, 266, 4, 0, 4, 40, 26, 0, 3),
(3131, 266, 4, 0, 4, 40, 22, 0, 3),
(3132, 266, 4, 0, 3, 40, 24, 0, 3),
(3133, 266, 4, 0, 4, 40, 38, 0, 3),
(3134, 266, 4, 0, 6, 40, 35, 0, 3),
(3135, 266, 4, 0, 3, 40, 31, 0, 3),
(3136, 266, 4, 0, 4, 40, 23, 0, 3),
(3137, 266, 4, 0, 6, 40, 40, 0, 3),
(3138, 266, 4, 0, 6, 40, 40, -1, 3),
(3139, 267, 4, 0, 4, 40, 32, -1, 3),
(3140, 267, 4, 0, 4, 40, 37, -1, 3),
(3141, 267, 4, 0, 3, 40, 32, -1, 3),
(3142, 267, 4, 0, 4, 20, 17, -1, 3),
(3143, 267, 4, 0, 6, 40, 32, -1, 3),
(3144, 267, 4, 0, 3, 40, 11, -1, 3),
(3145, 267, 4, 0, 4, 40, 24, -1, 3),
(3146, 267, 4, 0, 6, 40, 6, -1, 3),
(3147, 267, 4, 0, 6, 40, 37, -1, 3),
(3148, 268, 4, 0, 3, 40, 34, 0, 3),
(3149, 268, 4, 0, 2, 40, 39, 0, 3),
(3150, 268, 4, 0, 2, 40, 38, 0, 3),
(3151, 268, 4, 0, 2, 40, 33, 0, 3),
(3152, 268, 4, 0, 2, 40, 22, 0, 3),
(3153, 268, 4, 0, 2, 40, 5, 0, 3),
(3154, 268, 4, 0, 2, 40, 30, -1, 3),
(3155, 268, 4, 0, 2, 48, 48, 0, 3),
(3156, 268, 4, 0, 2, 40, 40, 0, 3),
(3157, 269, 4, 0, 3, 40, 39, -1, 3),
(3158, 269, 4, 0, 2, 40, 0, -1, 3),
(3159, 269, 4, 0, 2, 40, 27, -1, 3),
(3160, 269, 4, 0, 2, 30, 21, -1, 3),
(3161, 269, 4, 0, 2, 30, 6, -1, 3),
(3162, 269, 4, 0, 2, 30, 17, -1, 3),
(3163, 269, 4, 0, 2, 30, 13, -1, 3),
(3164, 269, 4, 0, 2, 20, 8, -1, 3),
(3165, 269, 4, 0, 2, 30, 18, -1, 3),
(3166, 270, 4, 0, 6, 20, 16, -1, 4),
(3167, 271, 4, 0, 6, 30, 14, -1, 4),
(3168, 272, 4, 0, 6, 30, 25, -1, 4),
(3169, 273, 4, 0, 6, 30, 6, -1, 4),
(3170, 274, 4, 0, 6, 20, 1, -1, 4),
(3171, 275, 4, 0, 6, 50, 48, -1, 4),
(3172, 276, 4, 0, 6, 50, 27, -1, 4),
(3173, 277, 4, 0, 5, 51, 50, -1, 4),
(3174, 277, 4, 0, 6, 51, 50, -1, 4),
(3175, 277, 4, 0, 6, 51, 49, -1, 4),
(3176, 277, 4, 0, 5, 50, 50, -1, 4),
(3177, 277, 4, 0, 1, 51, 47, -1, 4),
(3178, 277, 4, 0, 6, 52, 52, -1, 4),
(3179, 278, 4, 0, 5, 50, 49, -1, 4),
(3180, 279, 4, 0, 5, 50, 48, -1, 4),
(3181, 279, 4, 0, 6, 50, 50, -1, 4),
(3182, 280, 4, 0, 5, 40, 6, -1, 4),
(3183, 280, 4, 0, 5, 26, 23, -1, 4),
(3184, 280, 4, 0, 5, 20, -3, -1, 4),
(3185, 280, 4, 0, 5, 25, 25, -1, 4),
(3186, 280, 4, 0, 5, 20, 0, -1, 4),
(3187, 281, 4, 0, 5, 30, 18, -1, 4),
(3188, 282, 4, 0, 5, 30, 25, -1, 4),
(3189, 282, 4, 0, 5, 30, 18, -1, 4),
(3190, 282, 4, 0, 5, 30, 26, -1, 4),
(3191, 283, 4, 0, 1, 30, 12, -1, 4),
(3192, 284, 4, 0, 1, 35, 33, -1, 4),
(3193, 285, 4, 0, 6, 30, 27, -1, 4),
(3194, 286, 4, 0, 4, 32, 31, -1, 4),
(3195, 286, 4, 0, 4, 25, 15, -1, 4),
(3196, 287, 4, 0, 1, 57, 57, -1, 4),
(3197, 288, 4, 0, 4, 50, 25, -1, 4),
(3198, 289, 4, 0, 1, 31, 30, -1, 4),
(3199, 290, 4, 0, 1, 30, 30, -1, 4),
(3200, 291, 4, 0, 1, 30, 30, -1, 4),
(3201, 292, 4, 0, 4, 30, 21, -1, 4),
(3202, 293, 4, 0, 4, 20, 19, -1, 4),
(3203, 294, 4, 0, 1, 15, 14, -1, 4),
(3204, 295, 4, 0, 2, 15, 15, -1, 4),
(3205, 296, 4, 0, 1, 20, 15, -1, 4),
(3206, 297, 4, 0, 1, 20, 1, -1, 4),
(3207, 297, 4, 0, 4, 30, 27, -1, 4),
(3208, 298, 4, 0, 4, 30, 24, -1, 4),
(3209, 299, 4, 0, 1, 50, 24, -1, 4),
(3210, 300, 4, 0, 1, 36, 34, -1, 4),
(3211, 301, 4, 0, 1, 46, 46, -1, 4),
(3212, 301, 4, 0, 1, 52, 52, -1, 4),
(3213, 302, 4, 0, 4, 31, 31, -1, 4),
(3214, 303, 4, 0, 1, 37, 37, -1, 4),
(3215, 303, 4, 0, 1, 20, 0, -1, 4),
(3216, 304, 4, 0, 1, 30, 11, -1, 4),
(3217, 305, 4, 0, 4, 10, 9, -1, 4),
(3218, 306, 4, 0, 4, 30, 29, -1, 4),
(3219, 307, 4, 0, 4, 30, 27, -1, 4),
(3220, 308, 4, 0, 4, 30, 26, -1, 4),
(3221, 308, 4, 0, 4, 20, 15, -1, 4),
(3222, 309, 4, 0, 4, 50, 33, -1, 4),
(3223, 309, 4, 0, 4, 31, 30, -1, 4),
(3224, 310, 4, 0, 1, 30, 21, -1, 4),
(3225, 311, 4, 0, 1, 50, 31, -1, 4),
(3226, 312, 4, 0, 4, 30, 29, -1, 4),
(3227, 313, 4, 0, 1, 30, 19, -1, 4),
(3228, 314, 4, 0, 1, 15, 6, -1, 4),
(3229, 315, 4, 0, 1, 30, 22, -1, 4),
(3230, 316, 4, 0, 4, 10, 10, -1, 4),
(3231, 317, 4, 0, 4, 41, 40, -1, 4),
(3232, 318, 4, 0, 1, 20, 16, -1, 4),
(3233, 319, 4, 0, 4, 20, 3, -1, 4),
(3234, 320, 4, 0, 4, 40, 24, -1, 4),
(3235, 321, 4, 0, 1, 22, 22, -1, 4),
(3236, 322, 4, 0, 4, 40, 8, -1, 4),
(3237, 323, 4, 0, 1, 20, 7, -1, 4),
(3238, 324, 4, 0, 4, 40, 38, 0, 4),
(3239, 325, 4, 0, 4, 21, 20, -1, 4),
(3240, 326, 4, 0, 6, 40, 12, -1, 4),
(3241, 327, 4, 0, 1, 40, 7, -1, 4),
(3242, 328, 4, 0, 4, 20, 3, -1, 4),
(3243, 328, 4, 0, 5, 20, 0, -1, 4),
(3244, 328, 4, 0, 5, 40, 5, -1, 4),
(3245, 328, 4, 0, 4, 52, 52, -1, 4),
(3246, 328, 4, 0, 4, 51, 51, -1, 4),
(3247, 329, 4, 0, 6, 52, 51, -1, 4),
(3248, 329, 4, 0, 4, 50, 46, -1, 4),
(3249, 329, 4, 0, 6, 51, 51, -1, 4),
(3250, 329, 4, 0, 5, 51, 51, -1, 4),
(3251, 330, 4, 0, 6, 51, 51, -1, 4),
(3252, 331, 4, 0, 6, 45, 44, -1, 4),
(3253, 332, 4, 0, 1, 45, 44, -1, 4),
(3254, 333, 4, 0, 6, 35, 33, -1, 4),
(3255, 334, 4, 0, 6, 43, 41, -1, 4),
(3256, 335, 4, 0, 1, 39, 39, -1, 4),
(3257, 336, 4, 0, 6, 40, 0, -1, 4),
(3258, 337, 4, 0, 1, 45, 37, -1, 4),
(3259, 338, 4, 0, 5, 47, 47, -1, 4),
(3260, 338, 4, 0, 5, 47, 47, -1, 4),
(3261, 338, 4, 0, 5, 40, 30, -1, 4),
(3262, 338, 4, 0, 5, 45, 45, -1, 4),
(3263, 338, 4, 0, 5, 40, 37, -1, 4),
(3264, 338, 4, 0, 6, 48, 48, -1, 4),
(3265, 338, 4, 0, 5, 40, 30, -1, 4),
(3266, 338, 4, 0, 5, 30, 29, -1, 4),
(3267, 338, 4, 0, 5, 30, 30, -1, 4),
(3268, 338, 4, 0, 5, 30, 22, -1, 4),
(3269, 338, 4, 0, 5, 30, 29, -1, 4),
(3270, 338, 4, 0, 5, 30, 30, -1, 4),
(3271, 338, 4, 0, 5, 30, 0, -1, 4),
(3272, 338, 4, 0, 6, 40, 19, -1, 4),
(3273, 339, 4, 0, 5, 40, 4, -1, 4),
(3274, 339, 4, 0, 5, 40, 38, -1, 4),
(3275, 339, 4, 0, 5, 40, 32, -1, 4),
(3276, 339, 4, 0, 5, 40, 0, -1, 4),
(3277, 339, 4, 0, 5, 40, 5, -1, 4),
(3278, 339, 4, 0, 5, 10, 2, -1, 4),
(3279, 339, 4, 0, 5, 10, 1, -1, 4),
(3280, 339, 4, 0, 5, 10, 0, -1, 4),
(3281, 339, 4, 0, 5, 10, 1, -1, 4),
(3282, 339, 4, 0, 5, 10, 3, -1, 4),
(3283, 339, 4, 0, 5, 10, 4, -1, 4),
(3284, 339, 4, 0, 5, 10, 1, -1, 4),
(3285, 339, 4, 0, 5, 10, 5, -1, 4),
(3286, 339, 4, 0, 5, 10, 3, -1, 4),
(3287, 340, 4, 0, 5, 10, 2, -1, 4),
(3288, 340, 4, 0, 5, 10, 6, -1, 4),
(3289, 340, 4, 0, 5, 10, 4, -1, 4),
(3290, 340, 4, 0, 5, 10, 5, -1, 4),
(3291, 340, 4, 0, 5, 10, 6, -1, 4),
(3292, 340, 4, 0, 5, 40, 40, -1, 4),
(3293, 340, 4, 0, 5, 40, 40, -1, 4),
(3294, 340, 4, 0, 5, 40, 38, -1, 4),
(3295, 340, 4, 0, 5, 40, 37, -1, 4),
(3296, 340, 4, 0, 5, 40, 39, -1, 4),
(3297, 340, 4, 0, 5, 40, 38, -1, 4),
(3298, 340, 4, 0, 5, 40, 38, -1, 4),
(3299, 340, 4, 0, 5, 40, 36, -1, 4),
(3300, 340, 4, 0, 5, 40, 39, -1, 4),
(3301, 341, 4, 0, 1, 40, 40, -1, 4),
(3302, 342, 4, 0, 6, 40, 0, -1, 4),
(3303, 343, 4, 0, 1, 40, 39, -1, 4),
(3304, 344, 4, 0, 6, 30, 7, -1, 4),
(3305, 345, 4, 0, 4, 45, 42, -1, 4),
(3306, 346, 4, 0, 1, 45, 45, -1, 4),
(3307, 347, 4, 0, 5, 46, 46, -1, 4),
(3308, 348, 4, 0, 6, 45, 40, -1, 4),
(3309, 349, 4, 0, 1, 45, 33, -1, 4),
(3310, 350, 4, 0, 6, 45, 45, -1, 4),
(3311, 351, 4, 0, 4, 45, 45, -1, 4),
(3312, 352, 4, 0, 1, 45, 42, -1, 4),
(3313, 353, 4, 0, 1, 53, 51, -1, 4),
(3314, 353, 4, 0, 1, 53, 53, -1, 4),
(3315, 354, 4, 0, 6, 52, 52, -1, 4),
(3316, 355, 4, 0, 6, 52, 51, -1, 4),
(3317, 356, 4, 0, 1, 52, 52, -1, 4),
(3318, 357, 4, 0, 2, 52, 52, -1, 4),
(3319, 358, 4, 0, 6, 52, 50, -1, 4),
(3320, 359, 4, 0, 6, 53, 52, -1, 4),
(3321, 360, 4, 0, 6, 55, 54, -1, 4),
(3322, 361, 4, 0, 6, 50, 44, -1, 4),
(3323, 362, 4, 0, 6, 51, 51, -1, 4),
(3324, 363, 4, 0, 1, 36, 36, -1, 4),
(3325, 364, 4, 0, 1, 40, 40, -1, 4),
(3326, 365, 4, 0, 6, 40, 39, -1, 4),
(3327, 366, 4, 0, 1, 40, 40, -1, 4),
(3328, 367, 4, 0, 6, 40, 38, -1, 4),
(3329, 368, 4, 0, 5, 41, 41, -1, 4),
(3330, 369, 4, 0, 6, 40, 33, -1, 4),
(3331, 370, 4, 0, 6, 40, 16, -1, 4),
(3332, 371, 4, 0, 6, 40, -1, -1, 4),
(3333, 372, 4, 0, 6, 40, 21, -1, 4),
(3334, 373, 4, 0, 5, 42, 42, -1, 4),
(3335, 374, 4, 0, 6, 42, 42, -1, 4),
(3336, 375, 4, 0, 6, 40, 40, -1, 4),
(3337, 375, 4, 0, 4, 40, 12, -1, 4),
(3338, 376, 4, 0, 2, 40, 39, -1, 4),
(3339, 377, 4, 0, 6, 41, 41, -1, 4),
(3340, 378, 4, 0, 1, 45, 41, -1, 4),
(3341, 378, 4, 0, 6, 30, 29, -1, 4),
(3342, 379, 4, 0, 5, 40, 6, -1, 4),
(3343, 379, 4, 0, 6, 50, 32, -1, 4),
(3344, 379, 4, 0, 5, 30, 23, -1, 4),
(3345, 379, 4, 0, 5, 32, 32, -1, 4),
(3346, 379, 4, 0, 5, 35, 32, -1, 4),
(3347, 379, 4, 0, 6, 30, 16, -1, 4),
(3348, 379, 4, 0, 6, 15, 14, -1, 4),
(3349, 379, 4, 0, 5, 20, 20, -1, 4),
(3350, 379, 4, 0, 4, 15, 15, -1, 4),
(3351, 379, 4, 0, 5, 15, 13, -1, 4),
(3352, 379, 4, 0, 5, 15, 2, -1, 4),
(3353, 379, 4, 0, 6, 16, 14, -1, 4),
(3354, 380, 4, 0, 6, 15, 14, -1, 4),
(3355, 381, 4, 0, 1, 16, 16, -1, 4),
(3356, 382, 4, 0, 1, 15, 15, -1, 4),
(3357, 383, 4, 0, 5, 16, 15, -1, 4),
(3358, 383, 4, 0, 5, 15, 15, -1, 4),
(3359, 383, 4, 0, 5, 15, 6, -1, 4),
(3360, 383, 4, 0, 5, 15, 12, -1, 4),
(3361, 384, 4, 0, 5, 15, 7, -1, 4),
(3362, 384, 4, 0, 6, 15, 3, -1, 4),
(3363, 384, 4, 0, 6, 15, 15, -1, 4),
(3364, 384, 4, 0, 1, 15, 7, -1, 4),
(3365, 385, 4, 0, 5, 15, 11, -1, 4),
(3366, 385, 4, 0, 5, 30, 6, -1, 4),
(3367, 386, 4, 0, 5, 52, 52, -1, 4),
(3368, 386, 4, 0, 5, 53, 48, -1, 4),
(3369, 386, 4, 0, 5, 55, 43, -1, 4),
(3370, 386, 4, 0, 5, 55, 25, -1, 4),
(3371, 386, 4, 0, 5, 50, 0, -1, 4),
(3372, 386, 4, 0, 5, 50, 50, -1, 4),
(3373, 386, 4, 0, 5, 53, 53, -1, 4),
(3374, 387, 4, 0, 6, 50, 49, -1, 4),
(3375, 388, 4, 0, 6, 50, 50, -1, 4),
(3376, 389, 4, 0, 1, 52, 50, -1, 4),
(3377, 390, 4, 0, 6, 50, 25, -1, 4),
(3378, 391, 4, 0, 6, 59, 49, -1, 4),
(3379, 392, 4, 0, 6, 40, 31, -1, 4),
(3380, 393, 4, 0, 1, 54, 53, -1, 4),
(3381, 394, 4, 0, 5, 55, 54, -1, 4),
(3382, 394, 4, 0, 5, 58, 55, -1, 4),
(3383, 394, 4, 0, 5, 54, 52, -1, 4),
(3384, 394, 4, 0, 5, 54, 49, -1, 4),
(3385, 394, 4, 0, 5, 56, 55, -1, 4),
(3386, 394, 4, 0, 5, 57, 54, -1, 4),
(3387, 394, 4, 0, 5, 57, 56, -1, 4),
(3388, 394, 4, 0, 5, 53, 51, -1, 4),
(3389, 394, 4, 0, 5, 55, 53, -1, 4),
(3390, 395, 4, 0, 5, 53, 53, -1, 4),
(3391, 396, 4, 0, 1, 56, 55, -1, 5),
(3392, 397, 4, 0, 1, 51, 49, -1, 5),
(3393, 398, 4, 0, 5, 51, 48, 0, 5),
(3394, 399, 4, 0, 1, 57, 56, -1, 5),
(3395, 400, 4, 0, 1, 51, 49, -1, 5),
(3396, 401, 4, 0, 1, 55, 51, -1, 5),
(3397, 402, 4, 0, 1, 54, 53, -1, 5),
(3398, 402, 4, 0, 4, 52, 52, -1, 5),
(3399, 403, 4, 0, 4, 53, 50, -1, 5),
(3400, 404, 4, 0, 4, 54, 53, -1, 5),
(3401, 405, 4, 0, 4, 53, 52, -1, 5),
(3402, 405, 4, 0, 4, 52, 52, -1, 5),
(3403, 406, 4, 0, 4, 51, 50, -1, 5),
(3404, 407, 4, 0, 4, 50, 50, -1, 5),
(3405, 407, 4, 0, 5, 50, 41, -1, 5),
(3406, 408, 4, 0, 4, 50, 50, -1, 5),
(3407, 408, 4, 0, 4, 50, 46, -1, 5),
(3408, 408, 4, 0, 4, 40, 32, -1, 5),
(3409, 409, 4, 0, 1, 50, 24, -1, 5),
(3410, 409, 4, 0, 5, 50, 50, -1, 5),
(3411, 409, 4, 0, 5, 50, 34, -1, 5),
(3412, 410, 4, 0, 5, 50, 46, -1, 5),
(3413, 411, 4, 0, 5, 50, 31, -1, 5),
(3414, 411, 4, 0, 5, 20, 10, -1, 5),
(3415, 412, 4, 0, 5, 50, 20, -1, 5),
(3416, 412, 4, 0, 5, 50, 48, -1, 5),
(3417, 413, 4, 0, 1, 50, 46, -1, 5),
(3418, 414, 4, 0, 4, 50, 26, -1, 5),
(3419, 414, 4, 0, 4, 50, 47, -1, 5),
(3420, 414, 4, 0, 4, 50, 44, -1, 5),
(3421, 414, 4, 0, 4, 50, 0, -1, 5),
(3422, 415, 4, 0, 4, 57, 18, -1, 5),
(3423, 415, 4, 0, 4, 50, 50, -1, 5),
(3424, 415, 4, 0, 4, 50, 37, -1, 5),
(3425, 416, 4, 0, 4, 50, 50, -1, 5),
(3426, 416, 4, 0, 4, 50, 27, -1, 5),
(3427, 417, 4, 0, 5, 50, 31, -1, 5),
(3428, 417, 4, 0, 4, 50, 35, -1, 5),
(3429, 417, 4, 0, 4, 54, 54, -1, 5),
(3430, 418, 4, 0, 4, 50, 48, -1, 5),
(3431, 418, 4, 0, 4, 50, 37, -1, 5),
(3432, 418, 4, 0, 4, 20, 9, -1, 5),
(3433, 419, 4, 0, 4, 50, 29, -1, 5),
(3434, 419, 4, 0, 4, 50, 43, -1, 5),
(3435, 419, 4, 0, 5, 20, 18, -1, 5),
(3436, 420, 4, 0, 4, 5, 1, -1, 5),
(3437, 420, 4, 0, 4, 5, 1, -1, 5),
(3438, 420, 4, 0, 4, 5, 0, -1, 5),
(3439, 421, 4, 0, 5, 20, 5, -1, 5),
(3440, 421, 4, 0, 5, 10, 5, -1, 5),
(3441, 421, 4, 0, 5, 5, 1, -1, 5),
(3442, 421, 4, 0, 5, 30, 11, -1, 5),
(3443, 422, 4, 0, 4, 20, 16, -1, 5),
(3444, 422, 4, 0, 1, 20, 8, -1, 5),
(3445, 422, 4, 0, 4, 20, 8, -1, 5),
(3446, 422, 4, 0, 4, 18, 16, -1, 5),
(3447, 423, 4, 0, 1, 15, 0, -1, 5),
(3448, 423, 4, 0, 1, 15, 2, -1, 5),
(3449, 423, 4, 0, 1, 30, 15, -1, 5),
(3450, 424, 4, 0, 5, 10, 0, -1, 5),
(3451, 424, 4, 0, 5, 10, 0, -1, 5),
(3452, 425, 4, 0, 1, 40, 12, -1, 5),
(3453, 425, 4, 0, 4, 35, 20, -1, 5),
(3454, 425, 4, 0, 1, 35, 27, -1, 5),
(3455, 425, 4, 0, 1, 30, 27, -1, 5),
(3456, 426, 4, 0, 4, 15, 13, -1, 5),
(3457, 426, 4, 0, 4, 15, 0, -1, 5),
(3458, 426, 4, 0, 4, 30, 13, -1, 5),
(3459, 427, 4, 0, 1, 20, 12, -1, 5),
(3460, 427, 4, 0, 1, 20, 0, -1, 5),
(3461, 427, 4, 0, 1, 25, 14, -1, 5),
(3462, 427, 4, 0, 1, 15, 8, -1, 5),
(3463, 427, 4, 0, 1, 15, 8, -1, 5),
(3464, 427, 4, 0, 1, 15, 0, -1, 5),
(3465, 428, 4, 0, 4, 15, 7, -1, 5),
(3466, 428, 4, 0, 4, 15, 3, -1, 5),
(3467, 428, 4, 0, 4, 15, 4, -1, 5),
(3468, 429, 4, 0, 5, 15, 1, -1, 5),
(3469, 429, 4, 0, 5, 15, 0, -1, 5),
(3470, 430, 4, 0, 1, 15, 0, 0, 5),
(3471, 430, 4, 0, 1, 15, 9, -1, 5),
(3472, 430, 4, 0, 1, 49, 49, -1, 5),
(3473, 430, 4, 0, 1, 48, 48, -1, 5),
(3474, 430, 4, 0, 1, 48, 37, -1, 5),
(3475, 430, 4, 0, 1, 50, 50, 0, 5),
(3476, 431, 4, 0, 1, 48, 46, -1, 5),
(3477, 1, 5, 0, 5, 46, 46, -1, 1),
(3478, 1, 5, 0, 5, 45, 45, -1, 1),
(3479, 1, 5, 0, 6, 40, 34, -1, 1),
(3480, 2, 5, 0, 5, 45, 45, -1, 1),
(3481, 3, 5, 0, 5, 48, 48, -1, 1),
(3482, 4, 5, 0, 5, 46, 46, -1, 1),
(3483, 4, 5, 0, 5, 50, 50, -1, 1),
(3484, 5, 5, 0, 5, 48, 48, -1, 1),
(3485, 6, 5, 0, 5, 45, 43, -1, 1),
(3486, 6, 5, 0, 5, 45, 45, -1, 1),
(3487, 6, 5, 0, 5, 47, 47, -1, 1),
(3488, 7, 5, 0, 5, 48, 48, -1, 1),
(3489, 7, 5, 0, 5, 49, 49, -1, 1),
(3490, 7, 5, 0, 5, 49, 49, -1, 1),
(3491, 8, 5, 0, 5, 46, 46, -1, 1),
(3492, 8, 5, 0, 5, 45, 45, -1, 1),
(3493, 8, 5, 0, 5, 45, 45, -1, 1),
(3494, 9, 5, 0, 5, 50, 50, -1, 1),
(3495, 9, 5, 0, 5, 50, 50, -1, 1),
(3496, 9, 5, 0, 5, 51, 51, -1, 1),
(3497, 9, 5, 0, 5, 51, 50, -1, 1),
(3498, 9, 5, 0, 5, 50, 50, -1, 1),
(3499, 9, 5, 0, 5, 51, 51, -1, 1),
(3500, 9, 5, 0, 5, 50, 50, -1, 1),
(3501, 9, 5, 0, 5, 51, 50, -1, 1),
(3502, 10, 5, 0, 5, 48, 48, -1, 1),
(3503, 11, 5, 0, 5, 35, 20, -1, 1),
(3504, 12, 5, 0, 5, 50, 50, -1, 1),
(3505, 12, 5, 0, 5, 50, 50, -1, 1),
(3506, 12, 5, 0, 5, 51, 51, -1, 1),
(3507, 12, 5, 0, 5, 51, 51, -1, 1),
(3508, 12, 5, 0, 5, 50, 50, -1, 1),
(3509, 12, 5, 0, 5, 51, 51, -1, 1),
(3510, 12, 5, 0, 5, 52, 51, -1, 1),
(3511, 12, 5, 0, 5, 51, 51, -1, 1),
(3512, 12, 5, 0, 5, 52, 51, -1, 1),
(3513, 13, 5, 0, 6, 43, 43, -1, 1),
(3514, 14, 5, 0, 5, 45, 43, -1, 1),
(3515, 15, 5, 0, 5, 50, 50, -1, 1),
(3516, 16, 5, 0, 4, 42, 37, -1, 1),
(3517, 17, 5, 0, 5, 45, 18, -1, 1),
(3518, 17, 5, 0, 5, 45, 11, -1, 1),
(3519, 17, 5, 0, 5, 45, 14, -1, 1),
(3520, 17, 5, 0, 5, 45, 27, -1, 1),
(3521, 17, 5, 0, 5, 46, 45, -1, 1),
(3522, 17, 5, 0, 5, 45, 43, -1, 1),
(3523, 18, 5, 0, 6, 48, 42, -1, 1),
(3524, 19, 5, 0, 4, 30, 30, -1, 1),
(3525, 20, 5, 0, 6, 32, 32, -1, 1),
(3526, 21, 5, 0, 5, 50, 50, -1, 1),
(3527, 21, 5, 0, 5, 48, 48, -1, 1),
(3528, 21, 5, 0, 5, 48, 48, -1, 1),
(3529, 21, 5, 0, 5, 48, 48, -1, 1),
(3530, 21, 5, 0, 5, 48, 48, -1, 1),
(3531, 21, 5, 0, 5, 49, 49, -1, 1),
(3532, 22, 5, 0, 5, 47, 47, -1, 1),
(3533, 22, 5, 0, 5, 47, 47, -1, 1),
(3534, 22, 5, 0, 5, 47, 47, -1, 1),
(3535, 22, 5, 0, 5, 47, 47, -1, 1),
(3536, 22, 5, 0, 5, 47, 47, -1, 1),
(3537, 22, 5, 0, 5, 48, 48, -1, 1),
(3538, 22, 5, 0, 5, 47, 47, -1, 1),
(3539, 22, 5, 0, 5, 47, 47, -1, 1),
(3540, 23, 5, 0, 5, 45, 45, -1, 1),
(3541, 24, 5, 0, 5, 52, 52, -1, 1),
(3542, 25, 5, 0, 5, 40, 6, -1, 1),
(3543, 25, 5, 0, 5, 50, 49, -1, 1),
(3544, 26, 5, 0, 5, 40, 26, -1, 1),
(3545, 26, 5, 0, 5, 40, 40, -1, 1),
(3546, 27, 5, 0, 5, 44, 44, -1, 1),
(3547, 27, 5, 0, 5, 44, 44, -1, 1),
(3548, 28, 5, 0, 5, 40, 18, -1, 1),
(3549, 28, 5, 0, 5, 40, 11, -1, 1),
(3550, 28, 5, 0, 5, 41, 41, -1, 1),
(3551, 28, 5, 0, 5, 40, 33, -1, 1),
(3552, 28, 5, 0, 5, 40, 40, -1, 1),
(3553, 28, 5, 0, 5, 40, 40, -1, 1),
(3554, 28, 5, 0, 5, 40, 40, -1, 1),
(3555, 28, 5, 0, 5, 40, 37, -1, 1),
(3556, 28, 5, 0, 5, 40, 40, -1, 1),
(3557, 29, 5, 0, 5, 55, 53, -1, 1),
(3558, 29, 5, 0, 5, 55, 50, -1, 1),
(3559, 30, 5, 0, 5, 63, 62, -1, 1),
(3560, 31, 5, 0, 5, 54, 53, -1, 1),
(3561, 31, 5, 0, 5, 53, 53, -1, 1),
(3562, 32, 5, 0, 5, 56, 55, -1, 1),
(3563, 32, 5, 0, 5, 57, 54, -1, 1),
(3564, 33, 5, 0, 5, 58, 57, -1, 1),
(3565, 33, 5, 0, 5, 57, 56, -1, 1),
(3566, 34, 5, 0, 5, 58, 58, -1, 1),
(3567, 34, 5, 0, 5, 57, 54, -1, 1),
(3568, 35, 5, 0, 5, 51, 51, -1, 1),
(3569, 35, 5, 0, 5, 50, 50, -1, 1),
(3570, 35, 5, 0, 5, 51, 51, -1, 1),
(3571, 35, 5, 0, 5, 50, 50, -1, 1),
(3572, 35, 5, 0, 5, 50, 50, -1, 1),
(3573, 35, 5, 0, 5, 50, 50, -1, 1),
(3574, 35, 5, 0, 5, 50, 50, -1, 1),
(3575, 36, 5, 0, 6, 36, 35, -1, 1),
(3576, 37, 5, 0, 5, 35, 25, -1, 1),
(3577, 38, 5, 0, 5, 45, 40, -1, 1),
(3578, 38, 5, 0, 5, 45, 45, -1, 1),
(3579, 39, 5, 0, 5, 46, 46, -1, 1),
(3580, 40, 5, 0, 5, 49, 49, -1, 1),
(3581, 40, 5, 0, 5, 46, 46, -1, 1),
(3582, 41, 5, 0, 5, 35, 26, -1, 1),
(3583, 42, 5, 0, 5, 48, 34, -1, 1),
(3584, 42, 5, 0, 5, 48, 45, -1, 1),
(3585, 43, 5, 0, 5, 49, 48, -1, 1),
(3586, 43, 5, 0, 5, 49, 49, -1, 1),
(3587, 44, 5, 0, 5, 51, 51, -1, 1),
(3588, 44, 5, 0, 5, 50, 50, -1, 1),
(3589, 44, 5, 0, 5, 50, 50, -1, 1),
(3590, 44, 5, 0, 5, 51, 50, -1, 1),
(3591, 44, 5, 0, 5, 51, 51, -1, 1),
(3592, 44, 5, 0, 5, 51, 51, -1, 1),
(3593, 44, 5, 0, 5, 51, 51, -1, 1),
(3594, 44, 5, 0, 5, 51, 51, -1, 1),
(3595, 45, 5, 0, 6, 30, 5, -1, 1),
(3596, 46, 5, 0, 6, 30, 8, -1, 1),
(3597, 47, 5, 0, 6, 30, 17, -1, 1),
(3598, 48, 5, 0, 6, 30, 6, -1, 1),
(3599, 49, 5, 0, 5, 30, 9, -1, 1),
(3600, 50, 5, 0, 4, 30, 12, -1, 1),
(3601, 51, 5, 0, 5, 30, 11, -1, 1),
(3602, 52, 5, 0, 5, 30, 30, -1, 1),
(3603, 53, 5, 0, 6, 30, 21, -1, 1),
(3604, 54, 5, 0, 6, 30, 27, -1, 1),
(3605, 55, 5, 0, 4, 30, 19, -1, 1),
(3606, 56, 5, 0, 6, 30, 25, -1, 1),
(3607, 57, 5, 0, 6, 30, 7, -1, 1),
(3608, 58, 5, 0, 4, 40, 40, -1, 1),
(3609, 58, 5, 0, 6, 40, 40, -1, 1),
(3610, 58, 5, 0, 6, 40, 40, -1, 1),
(3611, 58, 5, 0, 6, 41, 41, -1, 1),
(3612, 58, 5, 0, 5, 40, 39, -1, 1),
(3613, 58, 5, 0, 5, 40, 40, -1, 1),
(3614, 58, 5, 0, 5, 40, 39, -1, 1),
(3615, 58, 5, 0, 6, 40, 40, -1, 1),
(3616, 59, 5, 0, 4, 40, 39, -1, 1),
(3617, 59, 5, 0, 6, 41, 41, -1, 1),
(3618, 59, 5, 0, 5, 41, 40, -1, 1),
(3619, 59, 5, 0, 5, 40, 26, -1, 1),
(3620, 59, 5, 0, 6, 41, 41, -1, 1),
(3621, 59, 5, 0, 5, 40, 38, -1, 1),
(3622, 59, 5, 0, 5, 40, 38, -1, 1),
(3623, 59, 5, 0, 4, 40, 40, -1, 1),
(3624, 59, 5, 0, 4, 41, 40, -1, 1),
(3625, 59, 5, 0, 6, 40, 34, -1, 1),
(3626, 60, 5, 0, 5, 33, 32, -1, 1),
(3627, 60, 5, 0, 5, 33, 32, -1, 1),
(3628, 60, 5, 0, 4, 33, 27, -1, 1),
(3629, 61, 5, 0, 5, 45, 38, -1, 1),
(3630, 61, 5, 0, 5, 45, 40, -1, 1),
(3631, 61, 5, 0, 5, 50, 44, -1, 1),
(3632, 61, 5, 0, 5, 50, 50, -1, 1),
(3633, 61, 5, 0, 5, 51, 51, -1, 1),
(3634, 61, 5, 0, 5, 51, 51, -1, 1),
(3635, 62, 5, 0, 5, 48, 44, -1, 1),
(3636, 62, 5, 0, 5, 48, 48, -1, 1),
(3637, 62, 5, 0, 5, 48, 47, -1, 1),
(3638, 62, 5, 0, 5, 48, 48, -1, 1),
(3639, 62, 5, 0, 5, 50, 49, -1, 1),
(3640, 62, 5, 0, 5, 49, 48, -1, 1),
(3641, 62, 5, 0, 5, 49, 48, -1, 1),
(3642, 63, 5, 0, 5, 38, 38, -1, 1),
(3643, 63, 5, 0, 5, 38, 38, -1, 1),
(3644, 63, 5, 0, 5, 38, 38, -1, 1),
(3645, 63, 5, 0, 5, 38, 38, -1, 1),
(3646, 63, 5, 0, 5, 38, 38, -1, 1),
(3647, 63, 5, 0, 5, 38, 38, -1, 1),
(3648, 63, 5, 0, 5, 38, 38, -1, 1),
(3649, 63, 5, 0, 5, 38, 37, -1, 1),
(3650, 64, 5, 0, 5, 48, 48, -1, 1),
(3651, 64, 5, 0, 5, 48, 48, -1, 1),
(3652, 64, 5, 0, 5, 48, 48, -1, 1),
(3653, 64, 5, 0, 5, 48, 45, -1, 1),
(3654, 64, 5, 0, 5, 48, 48, -1, 1),
(3655, 64, 5, 0, 5, 50, 50, -1, 1),
(3656, 64, 5, 0, 5, 48, 48, -1, 1),
(3657, 64, 5, 0, 5, 48, 48, -1, 1),
(3658, 64, 5, 0, 5, 49, 49, -1, 1),
(3659, 65, 5, 0, 5, 10, 0, 0, 1),
(3660, 66, 5, 0, 5, 58, 57, -1, 1),
(3661, 67, 5, 0, 6, 35, 25, -1, 1),
(3662, 67, 5, 0, 5, 35, 12, -1, 1),
(3663, 68, 5, 0, 5, 35, 27, -1, 1),
(3664, 68, 5, 0, 5, 35, 31, -1, 1),
(3665, 69, 5, 0, 5, 45, 42, -1, 1),
(3666, 70, 5, 0, 5, 45, 23, -1, 1),
(3667, 70, 5, 0, 5, 45, 21, -1, 1),
(3668, 71, 5, 0, 5, 45, 39, -1, 1),
(3669, 71, 5, 0, 5, 45, 19, -1, 1),
(3670, 72, 5, 0, 6, 30, 15, -1, 1),
(3671, 72, 5, 0, 5, 30, 25, -1, 1),
(3672, 72, 5, 0, 5, 30, 25, -1, 1),
(3673, 72, 5, 0, 5, 30, 30, -1, 1),
(3674, 72, 5, 0, 5, 40, 38, -1, 1),
(3675, 72, 5, 0, 5, 40, 28, -1, 1),
(3676, 72, 5, 0, 5, 41, 41, -1, 1),
(3677, 73, 5, 0, 5, 52, 52, -1, 1),
(3678, 73, 5, 0, 5, 51, 51, -1, 1),
(3679, 73, 5, 0, 5, 51, 51, -1, 1),
(3680, 73, 5, 0, 5, 50, 50, -1, 1),
(3681, 73, 5, 0, 5, 56, 56, -1, 1),
(3682, 73, 5, 0, 5, 50, 30, -1, 1),
(3683, 73, 5, 0, 5, 50, 49, -1, 1),
(3684, 73, 5, 0, 5, 50, 41, -1, 1),
(3685, 73, 5, 0, 5, 50, 50, -1, 1),
(3686, 74, 5, 0, 6, 15, 5, -1, 2),
(3687, 75, 5, 0, 6, 15, 4, -1, 2),
(3688, 76, 5, 0, 6, 15, 6, -1, 2),
(3689, 77, 5, 0, 6, 22, 21, -1, 2),
(3690, 78, 5, 0, 6, 20, 20, -1, 2),
(3691, 78, 5, 0, 1, 20, 13, -1, 2),
(3692, 79, 5, 0, 1, 20, 17, -1, 2),
(3693, 80, 5, 0, 6, 20, 20, -1, 2),
(3694, 81, 5, 0, 6, 20, 20, -1, 2),
(3695, 82, 5, 0, 4, 20, 18, -1, 2),
(3696, 83, 5, 0, 6, 20, 6, -1, 2),
(3697, 84, 5, 0, 1, 20, 2, -1, 2),
(3698, 85, 5, 0, 6, 20, 18, -1, 2),
(3699, 86, 5, 0, 6, 20, 16, -1, 2),
(3700, 87, 5, 0, 5, 20, 6, -1, 2),
(3701, 88, 5, 0, 1, 20, 16, -1, 2),
(3702, 89, 5, 0, 6, 20, 19, -1, 2),
(3703, 90, 5, 0, 6, 20, 18, 0, 2),
(3704, 91, 5, 0, 4, 20, 8, -1, 2),
(3705, 92, 5, 0, 6, 20, 18, 0, 2),
(3706, 93, 5, 0, 6, 20, 14, -1, 2),
(3707, 94, 5, 0, 6, 23, 21, -1, 2),
(3708, 95, 5, 0, 6, 20, 13, -1, 2),
(3709, 96, 5, 0, 6, 20, 7, 0, 2),
(3710, 97, 5, 0, 6, 20, 19, -1, 2),
(3711, 98, 5, 0, 6, 21, 20, -1, 2),
(3712, 99, 5, 0, 1, 20, 19, -1, 2),
(3713, 100, 5, 0, 4, 23, 21, -1, 2),
(3714, 100, 5, 0, 5, 25, 23, -1, 2),
(3715, 100, 5, 0, 5, 31, 29, 0, 2),
(3716, 100, 5, 0, 5, 30, 30, -1, 2),
(3717, 100, 5, 0, 6, 21, 20, -1, 2),
(3718, 100, 5, 0, 5, 20, 20, -1, 2),
(3719, 100, 5, 0, 5, 20, 3, -1, 2),
(3720, 100, 5, 0, 5, 20, 4, -1, 2),
(3721, 100, 5, 0, 5, 20, 3, -1, 2),
(3722, 100, 5, 0, 5, 20, 4, -1, 2),
(3723, 100, 5, 0, 5, 20, 4, -1, 2),
(3724, 100, 5, 0, 5, 20, 4, -1, 2),
(3725, 100, 5, 0, 5, 20, 2, -1, 2),
(3726, 100, 5, 0, 5, 20, 4, -1, 2),
(3727, 101, 5, 0, 1, 20, 1, -1, 2),
(3728, 102, 5, 0, 5, 20, 6, -1, 2),
(3729, 103, 5, 0, 6, 20, 4, -1, 2),
(3730, 104, 5, 0, 5, 20, 1, -1, 2),
(3731, 105, 5, 0, 2, 20, 3, -1, 2),
(3732, 106, 5, 0, 5, 20, 8, -1, 2),
(3733, 107, 5, 0, 5, 20, 1, -1, 2),
(3734, 108, 5, 0, 6, 20, 3, -1, 2),
(3735, 109, 5, 0, 5, 20, 6, -1, 2),
(3736, 110, 5, 0, 5, 20, 9, -1, 2),
(3737, 110, 5, 0, 5, 40, 12, -1, 2),
(3738, 111, 5, 0, 5, 40, 14, -1, 2),
(3739, 112, 5, 0, 4, 40, 5, -1, 2),
(3740, 113, 5, 0, 6, 40, 13, -1, 2),
(3741, 114, 5, 0, 5, 40, 12, -1, 2),
(3742, 115, 5, 0, 6, 40, 35, -1, 2),
(3743, 116, 5, 0, 1, 40, 33, -1, 2),
(3744, 117, 5, 0, 5, 40, 36, -1, 2),
(3745, 118, 5, 0, 5, 40, 39, -1, 2),
(3746, 119, 5, 0, 5, 20, 16, -1, 2),
(3747, 120, 5, 0, 6, 30, 6, -1, 2),
(3748, 121, 5, 0, 5, 30, 11, -1, 2),
(3749, 122, 5, 0, 4, 30, 14, -1, 2),
(3750, 122, 5, 0, 6, 20, 9, -1, 2),
(3751, 123, 5, 0, 6, 20, 19, -1, 2),
(3752, 124, 5, 0, 5, 20, 15, -1, 2),
(3753, 124, 5, 0, 5, 30, 30, -1, 2),
(3754, 125, 5, 0, 5, 46, 42, -1, 2),
(3755, 126, 5, 0, 6, 46, 46, -1, 2),
(3756, 126, 5, 0, 1, 46, 46, -1, 2),
(3757, 127, 5, 0, 6, 46, 46, -1, 2),
(3758, 128, 5, 0, 5, 46, 46, -1, 2),
(3759, 129, 5, 0, 4, 46, 46, -1, 2),
(3760, 129, 5, 0, 6, 46, 44, -1, 2),
(3761, 129, 5, 0, 5, 46, 45, -1, 2),
(3762, 129, 5, 0, 5, 46, 44, -1, 2),
(3763, 129, 5, 0, 5, 46, 46, -1, 2),
(3764, 129, 5, 0, 5, 46, 44, -1, 2),
(3765, 129, 5, 0, 5, 46, 45, -1, 2),
(3766, 129, 5, 0, 5, 46, 44, -1, 2),
(3767, 130, 5, 0, 5, 46, 43, -1, 2),
(3768, 130, 5, 0, 5, 46, 46, -1, 2),
(3769, 131, 5, 0, 6, 46, 46, -1, 2),
(3770, 132, 5, 0, 6, 46, 46, 0, 2),
(3771, 133, 5, 0, 1, 47, 47, -1, 2),
(3772, 134, 5, 0, 6, 46, 46, 0, 2),
(3773, 135, 5, 0, 6, 48, 48, -1, 2),
(3774, 136, 5, 0, 5, 46, 46, -1, 2),
(3775, 136, 5, 0, 6, 46, 45, -1, 2),
(3776, 136, 5, 0, 6, 46, 46, -1, 2),
(3777, 136, 5, 0, 5, 47, 47, -1, 2),
(3778, 136, 5, 0, 6, 48, 48, -1, 2),
(3779, 137, 5, 0, 5, 46, 45, -1, 2),
(3780, 138, 5, 0, 6, 47, 47, -1, 2),
(3781, 139, 5, 0, 6, 46, 46, -1, 2),
(3782, 140, 5, 0, 6, 42, 41, -1, 2),
(3783, 141, 5, 0, 6, 42, 41, -1, 2),
(3784, 142, 5, 0, 6, 42, 39, -1, 2),
(3785, 143, 5, 0, 1, 41, 41, -1, 2),
(3786, 144, 5, 0, 1, 41, 36, -1, 2),
(3787, 145, 5, 0, 6, 42, 42, -1, 2),
(3788, 146, 5, 0, 1, 42, 39, -1, 2),
(3789, 147, 5, 0, 6, 42, 40, -1, 2),
(3790, 148, 5, 0, 6, 42, 42, -1, 2),
(3791, 149, 5, 0, 5, 43, 42, -1, 2),
(3792, 150, 5, 0, 6, 42, 41, 0, 2),
(3793, 151, 5, 0, 5, 42, 37, -1, 2),
(3794, 152, 5, 0, 6, 42, 42, 0, 2),
(3795, 153, 5, 0, 6, 40, 37, -1, 2),
(3796, 154, 5, 0, 1, 40, 28, -1, 3),
(3797, 155, 5, 0, 1, 45, 45, -1, 3),
(3798, 156, 5, 0, 4, 45, 45, -1, 3),
(3799, 157, 5, 0, 5, 45, 45, -1, 3),
(3800, 158, 5, 0, 5, 46, 46, -1, 3),
(3801, 159, 5, 0, 5, 40, 40, -1, 3),
(3802, 159, 5, 0, 4, 20, 20, -1, 3),
(3803, 160, 5, 0, 5, 40, 40, -1, 3),
(3804, 160, 5, 0, 5, 40, 34, -1, 3),
(3805, 160, 5, 0, 5, 20, 17, -1, 3),
(3806, 160, 5, 0, 5, 20, 20, -1, 3),
(3807, 160, 5, 0, 5, 20, 12, -1, 3),
(3808, 161, 5, 0, 5, 45, 45, -1, 3),
(3809, 161, 5, 0, 5, 45, 45, -1, 3),
(3810, 161, 5, 0, 5, 20, 20, -1, 3),
(3811, 161, 5, 0, 5, 40, 23, -1, 3),
(3812, 161, 5, 0, 5, 20, 19, -1, 3),
(3813, 161, 5, 0, 5, 20, 19, -1, 3),
(3814, 161, 5, 0, 5, 40, 29, -1, 3),
(3815, 162, 5, 0, 5, 40, 25, -1, 3),
(3816, 163, 5, 0, 2, 40, 40, -1, 3),
(3817, 164, 5, 0, 1, 20, 10, -1, 3),
(3818, 165, 5, 0, 5, 18, 18, -1, 3),
(3819, 166, 5, 0, 5, 20, 13, -1, 3),
(3820, 166, 5, 0, 5, 20, 8, -1, 3),
(3821, 167, 5, 0, 5, 30, 20, -1, 3),
(3822, 168, 5, 0, 5, 30, 27, -1, 3),
(3823, 169, 5, 0, 5, 30, 23, -1, 3),
(3824, 169, 5, 0, 5, 15, 6, -1, 3),
(3825, 169, 5, 0, 5, 20, 2, -1, 3),
(3826, 169, 5, 0, 5, 20, 16, -1, 3),
(3827, 169, 5, 0, 5, 20, 20, -1, 3),
(3828, 169, 5, 0, 5, 22, 22, -1, 3),
(3829, 169, 5, 0, 5, 20, 10, -1, 3),
(3830, 169, 5, 0, 5, 20, 9, -1, 3),
(3831, 170, 5, 0, 5, 40, 40, -1, 3),
(3832, 171, 5, 0, 5, 40, 27, -1, 3),
(3833, 171, 5, 0, 5, 40, 19, -1, 3),
(3834, 171, 5, 0, 5, 40, 37, -1, 3),
(3835, 172, 5, 0, 5, 40, 39, -1, 3),
(3836, 173, 5, 0, 1, 40, 27, -1, 3),
(3837, 174, 5, 0, 5, 40, 40, -1, 3),
(3838, 174, 5, 0, 5, 40, 27, -1, 3),
(3839, 174, 5, 0, 5, 40, 35, -1, 3),
(3840, 174, 5, 0, 5, 30, 28, -1, 3),
(3841, 175, 5, 0, 5, 25, 20, -1, 3),
(3842, 176, 5, 0, 5, 25, 20, -1, 3),
(3843, 176, 5, 0, 5, 25, 17, -1, 3),
(3844, 176, 5, 0, 5, 25, 17, -1, 3),
(3845, 176, 5, 0, 5, 25, 25, -1, 3),
(3846, 176, 5, 0, 5, 30, 29, -1, 3),
(3847, 176, 5, 0, 5, 30, 29, -1, 3),
(3848, 177, 5, 0, 5, 28, 28, -1, 3),
(3849, 177, 5, 0, 5, 36, 36, -1, 3),
(3850, 177, 5, 0, 5, 25, 17, -1, 3),
(3851, 177, 5, 0, 5, 25, 12, -1, 3),
(3852, 177, 5, 0, 5, 25, 10, -1, 3),
(3853, 177, 5, 0, 5, 25, 11, -1, 3),
(3854, 177, 5, 0, 5, 20, 16, -1, 3),
(3855, 177, 5, 0, 5, 25, 16, -1, 3),
(3856, 177, 5, 0, 5, 25, 22, -1, 3),
(3857, 178, 5, 0, 5, 25, 16, -1, 3),
(3858, 179, 5, 0, 5, 15, 9, -1, 3),
(3859, 179, 5, 0, 5, 25, 13, -1, 3),
(3860, 180, 5, 0, 5, 30, 25, -1, 3),
(3861, 181, 5, 0, 3, 27, 26, -1, 3),
(3862, 182, 5, 0, 5, 27, 21, -1, 3),
(3863, 183, 5, 0, 3, 25, 21, -1, 3),
(3864, 183, 5, 0, 3, 25, 21, -1, 3),
(3865, 184, 5, 0, 5, 15, 10, -1, 3),
(3866, 185, 5, 0, 3, 15, 10, -1, 3),
(3867, 186, 5, 0, 5, 20, 20, -1, 3),
(3868, 187, 5, 0, 3, 20, 7, -1, 3),
(3869, 188, 5, 0, 5, 20, 6, -1, 3),
(3870, 189, 5, 0, 3, 20, 2, -1, 3),
(3871, 190, 5, 0, 5, 40, 38, -1, 3),
(3872, 191, 5, 0, 5, 40, 7, -1, 3),
(3873, 192, 5, 0, 5, 40, 18, -1, 3),
(3874, 193, 5, 0, 3, 48, 46, -1, 3),
(3875, 194, 5, 0, 5, 45, 45, -1, 3),
(3876, 195, 5, 0, 3, 49, 49, -1, 3),
(3877, 196, 5, 0, 5, 41, 41, -1, 3),
(3878, 197, 5, 0, 3, 42, 42, -1, 3),
(3879, 197, 5, 0, 3, 40, 12, -1, 3),
(3880, 198, 5, 0, 5, 40, 29, -1, 3),
(3881, 199, 5, 0, 2, 40, 13, -1, 3),
(3882, 199, 5, 0, 2, 35, 35, -1, 3),
(3883, 200, 5, 0, 5, 35, 35, -1, 3),
(3884, 201, 5, 0, 3, 36, 32, -1, 3),
(3885, 201, 5, 0, 3, 30, 23, -1, 3),
(3886, 202, 5, 0, 5, 35, 32, -1, 3),
(3887, 203, 5, 0, 2, 45, 44, -1, 3),
(3888, 203, 5, 0, 2, 30, 27, -1, 3),
(3889, 204, 5, 0, 5, 30, 30, -1, 3),
(3890, 205, 5, 0, 3, 30, 13, -1, 3),
(3891, 205, 5, 0, 3, 30, 28, -1, 3),
(3892, 206, 5, 0, 5, 18, 18, -1, 3),
(3893, 207, 5, 0, 2, 30, 28, -1, 3),
(3894, 208, 5, 0, 3, 30, 17, -1, 3),
(3895, 209, 5, 0, 2, 31, 31, -1, 3),
(3896, 210, 5, 0, 5, 42, 37, -1, 3),
(3897, 211, 5, 0, 3, 32, 32, -1, 3),
(3898, 211, 5, 0, 3, 31, 30, -1, 3),
(3899, 212, 5, 0, 5, 30, 12, -1, 3),
(3900, 213, 5, 0, 3, 20, 8, -1, 3),
(3901, 214, 5, 0, 5, 50, 50, -1, 3),
(3902, 215, 5, 0, 5, 31, 31, -1, 3),
(3903, 216, 5, 0, 3, 30, 19, -1, 3),
(3904, 216, 5, 0, 3, 30, 8, -1, 3),
(3905, 217, 5, 0, 4, 30, 30, -1, 3),
(3906, 217, 5, 0, 4, 35, 25, -1, 3),
(3907, 218, 5, 0, 5, 40, 40, -1, 3),
(3908, 218, 5, 0, 6, 26, 26, -1, 3),
(3909, 219, 5, 0, 4, 30, 30, -1, 3),
(3910, 219, 5, 0, 6, 30, 30, -1, 3),
(3911, 220, 5, 0, 2, 30, 28, -1, 3),
(3912, 220, 5, 0, 2, 25, 17, -1, 3),
(3913, 221, 5, 0, 5, 20, 20, -1, 3),
(3914, 221, 5, 0, 4, 30, 28, -1, 3),
(3915, 222, 5, 0, 3, 40, 25, -1, 3),
(3916, 222, 5, 0, 3, 40, 15, -1, 3),
(3917, 223, 5, 0, 4, 40, 40, -1, 3),
(3918, 224, 5, 0, 4, 40, 27, -1, 3),
(3919, 225, 5, 0, 4, 40, 19, -1, 3),
(3920, 225, 5, 0, 4, 40, 37, -1, 3),
(3921, 226, 5, 0, 5, 40, 39, -1, 3),
(3922, 227, 5, 0, 5, 40, 27, -1, 3),
(3923, 228, 5, 0, 5, 40, 40, -1, 3),
(3924, 229, 5, 0, 5, 40, 27, -1, 3),
(3925, 230, 5, 0, 5, 40, 35, -1, 3),
(3926, 231, 5, 0, 5, 30, 28, -1, 3),
(3927, 232, 5, 0, 5, 25, 20, -1, 3),
(3928, 232, 5, 0, 5, 25, 20, -1, 3),
(3929, 233, 5, 0, 5, 25, 17, -1, 3),
(3930, 234, 5, 0, 5, 25, 17, -1, 3),
(3931, 235, 5, 0, 3, 25, 25, 0, 3),
(3932, 235, 5, 0, 6, 30, 29, -1, 3),
(3933, 235, 5, 0, 3, 30, 29, -1, 3),
(3934, 236, 5, 0, 5, 28, 28, -1, 3),
(3935, 236, 5, 0, 6, 36, 36, -1, 3),
(3936, 236, 5, 0, 5, 25, 17, -1, 3),
(3937, 237, 5, 0, 3, 25, 12, 0, 3),
(3938, 237, 5, 0, 3, 25, 10, -1, 3),
(3939, 237, 5, 0, 3, 25, 11, -1, 3),
(3940, 238, 5, 0, 5, 20, 16, -1, 3),
(3941, 238, 5, 0, 5, 25, 16, -1, 3),
(3942, 238, 5, 0, 6, 25, 22, -1, 3),
(3943, 239, 5, 0, 5, 25, 16, -1, 3),
(3944, 239, 5, 0, 5, 15, 9, -1, 3),
(3945, 240, 5, 0, 5, 25, 13, -1, 3),
(3946, 240, 5, 0, 4, 30, 25, -1, 3),
(3947, 241, 5, 0, 7, 27, 26, -1, 3),
(3948, 241, 5, 0, 7, 27, 21, -1, 3),
(3949, 242, 5, 0, 5, 25, 21, -1, 3),
(3950, 242, 5, 0, 5, 25, 21, -1, 3),
(3951, 243, 5, 0, 3, 15, 10, -1, 3),
(3952, 243, 5, 0, 3, 15, 10, -1, 3),
(3953, 244, 5, 0, 4, 20, 20, -1, 3),
(3954, 244, 5, 0, 5, 20, 7, -1, 3),
(3955, 244, 5, 0, 5, 20, 6, -1, 3),
(3956, 245, 5, 0, 3, 20, 2, 0, 3),
(3957, 245, 5, 0, 3, 40, 38, 0, 3),
(3958, 245, 5, 0, 4, 40, 7, 0, 3),
(3959, 246, 5, 0, 3, 40, 18, -1, 3),
(3960, 246, 5, 0, 3, 48, 46, -1, 3),
(3961, 246, 5, 0, 4, 45, 45, -1, 3),
(3962, 247, 5, 0, 7, 49, 49, -1, 3),
(3963, 247, 5, 0, 7, 41, 41, 0, 3),
(3964, 247, 5, 0, 7, 42, 42, 0, 3),
(3965, 248, 5, 0, 5, 40, 12, -1, 3),
(3966, 248, 5, 0, 5, 40, 29, -1, 3),
(3967, 248, 5, 0, 4, 40, 13, -1, 3),
(3968, 249, 5, 0, 5, 40, 36, -1, 3),
(3969, 249, 5, 0, 5, 40, 38, -1, 3),
(3970, 250, 5, 0, 3, 40, 40, 0, 3),
(3971, 250, 5, 0, 3, 40, 23, 0, 3),
(3972, 250, 5, 0, 3, 40, 4, 0, 3),
(3973, 251, 5, 0, 3, 20, 8, -1, 3),
(3974, 251, 5, 0, 3, 5, 2, -1, 3),
(3975, 251, 5, 0, 3, 20, 9, -1, 3),
(3976, 252, 5, 0, 3, 55, 54, 0, 3),
(3977, 252, 5, 0, 3, 53, 48, -1, 3),
(3978, 252, 5, 0, 3, 50, 11, 0, 3),
(3979, 252, 5, 0, 3, 50, 24, 0, 3),
(3980, 253, 5, 0, 3, 53, 53, -1, 3),
(3981, 253, 5, 0, 3, 53, 52, -1, 3),
(3982, 253, 5, 0, 3, 53, 53, -1, 3),
(3983, 253, 5, 0, 3, 53, 51, -1, 3),
(3984, 254, 5, 0, 7, 53, 51, -1, 3),
(3985, 254, 5, 0, 7, 53, 53, -1, 3),
(3986, 255, 5, 0, 4, 53, 53, -1, 3),
(3987, 255, 5, 0, 5, 53, 53, -1, 3),
(3988, 256, 5, 0, 7, 50, 30, 0, 3),
(3989, 256, 5, 0, 7, 56, 56, 0, 3),
(3990, 256, 5, 0, 7, 55, 55, 0, 3),
(3991, 257, 5, 0, 5, 55, 55, -1, 3),
(3992, 257, 5, 0, 5, 50, 50, -1, 3),
(3993, 257, 5, 0, 4, 10, 2, -1, 3),
(3994, 258, 5, 0, 4, 55, 55, -1, 3),
(3995, 258, 5, 0, 3, 51, 51, 0, 3),
(3996, 258, 5, 0, 3, 51, 51, 0, 3),
(3997, 258, 5, 0, 3, 51, 49, -1, 3),
(3998, 258, 5, 0, 3, 50, 28, 0, 3),
(3999, 259, 5, 0, 4, 50, 38, -1, 3),
(4000, 259, 5, 0, 3, 50, 33, -1, 3),
(4001, 259, 5, 0, 3, 50, 41, -1, 3),
(4002, 259, 5, 0, 3, 50, 31, -1, 3),
(4003, 259, 5, 0, 3, 50, 16, -1, 3),
(4004, 260, 5, 0, 6, 50, 23, -1, 3),
(4005, 260, 5, 0, 5, 50, 44, -1, 3),
(4006, 260, 5, 0, 5, 51, 51, -1, 3),
(4007, 260, 5, 0, 5, 51, 50, -1, 3),
(4008, 261, 5, 0, 7, 52, 50, -1, 3),
(4009, 261, 5, 0, 7, 53, 51, -1, 3),
(4010, 261, 5, 0, 7, 51, 50, -1, 3),
(4011, 262, 5, 0, 6, 52, 50, -1, 3),
(4012, 262, 5, 0, 5, 51, 50, -1, 3),
(4013, 262, 5, 0, 4, 50, 49, -1, 3),
(4014, 263, 5, 0, 5, 50, 14, -1, 3),
(4015, 263, 5, 0, 6, 50, 23, -1, 3),
(4016, 263, 5, 0, 5, 50, 34, -1, 3),
(4017, 264, 5, 0, 4, 40, 4, 0, 3),
(4018, 265, 5, 0, 4, 20, 11, -1, 3),
(4019, 266, 5, 0, 4, 40, 37, 0, 3),
(4020, 266, 5, 0, 4, 30, 23, 0, 3),
(4021, 266, 5, 0, 3, 27, 27, 0, 3),
(4022, 266, 5, 0, 4, 45, 45, 0, 3),
(4023, 266, 5, 0, 6, 20, 6, 0, 3),
(4024, 266, 5, 0, 3, 40, 6, 0, 3),
(4025, 266, 5, 0, 4, 30, 30, 0, 3),
(4026, 266, 5, 0, 6, 40, 30, 0, 3),
(4027, 266, 5, 0, 6, 20, 4, -1, 3),
(4028, 267, 5, 0, 4, 40, 29, -1, 3),
(4029, 267, 5, 0, 4, 40, 11, -1, 3),
(4030, 267, 5, 0, 3, 40, 7, -1, 3),
(4031, 267, 5, 0, 4, 30, 29, -1, 3),
(4032, 267, 5, 0, 6, 40, 30, -1, 3),
(4033, 267, 5, 0, 3, 26, 25, -1, 3),
(4034, 267, 5, 0, 4, 40, 31, -1, 3),
(4035, 267, 5, 0, 6, 25, 17, -1, 3),
(4036, 267, 5, 0, 6, 20, 13, -1, 3),
(4037, 268, 5, 0, 3, 40, 18, 0, 3),
(4038, 268, 5, 0, 2, 30, 22, 0, 3),
(4039, 268, 5, 0, 2, 30, 30, 0, 3),
(4040, 268, 5, 0, 2, 40, 36, 0, 3),
(4041, 268, 5, 0, 2, 25, 21, 0, 3),
(4042, 268, 5, 0, 2, 20, 16, 0, 3),
(4043, 268, 5, 0, 2, 41, 41, -1, 3),
(4044, 268, 5, 0, 2, 20, 18, 0, 3),
(4045, 268, 5, 0, 2, 20, 14, 0, 3),
(4046, 269, 5, 0, 3, 40, 18, -1, 3),
(4047, 269, 5, 0, 2, 30, 22, -1, 3),
(4048, 269, 5, 0, 2, 30, 27, -1, 3),
(4049, 269, 5, 0, 2, 50, 50, -1, 3),
(4050, 269, 5, 0, 2, 25, 21, -1, 3),
(4051, 269, 5, 0, 2, 25, 21, -1, 3),
(4052, 269, 5, 0, 2, 25, 23, -1, 3),
(4053, 269, 5, 0, 2, 50, 50, -1, 3),
(4054, 269, 5, 0, 2, 15, 15, -1, 3),
(4055, 270, 5, 0, 6, 15, 11, -1, 4),
(4056, 271, 5, 0, 6, 40, 19, -1, 4),
(4057, 272, 5, 0, 6, 25, 20, -1, 4),
(4058, 273, 5, 0, 6, 40, 26, -1, 4),
(4059, 274, 5, 0, 6, 40, 38, -1, 4),
(4060, 275, 5, 0, 6, 20, 17, -1, 4),
(4061, 276, 5, 0, 6, 20, 11, -1, 4),
(4062, 277, 5, 0, 5, 30, 22, -1, 4),
(4063, 277, 5, 0, 6, 30, 15, -1, 4),
(4064, 277, 5, 0, 6, 30, 5, -1, 4),
(4065, 277, 5, 0, 5, 30, 12, -1, 4),
(4066, 277, 5, 0, 1, 30, 17, -1, 4),
(4067, 277, 5, 0, 6, 30, 18, -1, 4),
(4068, 278, 5, 0, 5, 20, 16, -1, 4),
(4069, 279, 5, 0, 5, 20, 11, -1, 4),
(4070, 279, 5, 0, 6, 30, 12, -1, 4),
(4071, 280, 5, 0, 5, 30, 25, -1, 4),
(4072, 280, 5, 0, 5, 20, 12, -1, 4),
(4073, 280, 5, 0, 5, 20, 16, -1, 4),
(4074, 280, 5, 0, 5, 40, 27, -1, 4),
(4075, 280, 5, 0, 5, 40, 40, -1, 4),
(4076, 281, 5, 0, 5, 30, 25, -1, 4),
(4077, 282, 5, 0, 5, 30, 28, -1, 4),
(4078, 282, 5, 0, 5, 40, 30, -1, 4),
(4079, 282, 5, 0, 5, 40, 20, -1, 4),
(4080, 283, 5, 0, 1, 50, 50, -1, 4),
(4081, 284, 5, 0, 1, 35, 31, -1, 4),
(4082, 285, 5, 0, 6, 40, 23, -1, 4),
(4083, 286, 5, 0, 4, 20, 3, -1, 4),
(4084, 286, 5, 0, 4, 51, 51, -1, 4),
(4085, 287, 5, 0, 1, 52, 43, -1, 4),
(4086, 288, 5, 0, 4, 40, 33, -1, 4),
(4087, 289, 5, 0, 1, 40, 38, -1, 4),
(4088, 290, 5, 0, 1, 30, 26, -1, 4),
(4089, 291, 5, 0, 1, 35, 35, -1, 4),
(4090, 292, 5, 0, 4, 32, 32, -1, 4),
(4091, 293, 5, 0, 4, 30, 26, -1, 4),
(4092, 294, 5, 0, 1, 35, 35, -1, 4),
(4093, 295, 5, 0, 2, 32, 32, -1, 4),
(4094, 296, 5, 0, 1, 35, 35, -1, 4),
(4095, 297, 5, 0, 1, 33, 25, -1, 4),
(4096, 297, 5, 0, 4, 33, 22, -1, 4),
(4097, 298, 5, 0, 4, 35, 35, -1, 4),
(4098, 299, 5, 0, 1, 33, 25, -1, 4),
(4099, 300, 5, 0, 1, 33, 22, -1, 4),
(4100, 301, 5, 0, 1, 45, 44, -1, 4),
(4101, 301, 5, 0, 1, 45, 39, -1, 4),
(4102, 302, 5, 0, 4, 45, 45, -1, 4),
(4103, 303, 5, 0, 1, 40, 40, -1, 4),
(4104, 303, 5, 0, 1, 32, 32, -1, 4),
(4105, 304, 5, 0, 1, 31, 29, -1, 4),
(4106, 305, 5, 0, 4, 31, 31, -1, 4),
(4107, 306, 5, 0, 4, 30, 23, -1, 4),
(4108, 307, 5, 0, 4, 35, 35, -1, 4),
(4109, 308, 5, 0, 4, 36, 36, -1, 4),
(4110, 308, 5, 0, 4, 35, 31, -1, 4),
(4111, 309, 5, 0, 4, 35, 32, -1, 4),
(4112, 309, 5, 0, 4, 35, 26, -1, 4),
(4113, 310, 5, 0, 1, 36, 36, -1, 4),
(4114, 311, 5, 0, 1, 31, 31, -1, 4),
(4115, 312, 5, 0, 4, 36, 36, -1, 4),
(4116, 313, 5, 0, 1, 36, 36, -1, 4),
(4117, 314, 5, 0, 1, 31, 31, -1, 4),
(4118, 315, 5, 0, 1, 36, 36, -1, 4),
(4119, 316, 5, 0, 4, 30, 25, -1, 4),
(4120, 317, 5, 0, 4, 30, 30, -1, 4),
(4121, 318, 5, 0, 1, 30, 30, -1, 4),
(4122, 319, 5, 0, 4, 30, 25, -1, 4),
(4123, 320, 5, 0, 4, 30, 30, -1, 4),
(4124, 321, 5, 0, 1, 30, 30, -1, 4),
(4125, 322, 5, 0, 4, 30, 16, -1, 4),
(4126, 323, 5, 0, 1, 30, 28, -1, 4),
(4127, 324, 5, 0, 4, 36, 36, 0, 4),
(4128, 325, 5, 0, 4, 36, 36, -1, 4),
(4129, 326, 5, 0, 6, 35, 35, -1, 4),
(4130, 327, 5, 0, 1, 36, 36, -1, 4),
(4131, 328, 5, 0, 4, 36, 36, -1, 4),
(4132, 328, 5, 0, 5, 35, 35, -1, 4),
(4133, 328, 5, 0, 4, 35, 32, -1, 4),
(4134, 329, 5, 0, 6, 35, 29, -1, 4),
(4135, 329, 5, 0, 4, 35, 29, -1, 4),
(4136, 329, 5, 0, 6, 35, 22, -1, 4),
(4137, 329, 5, 0, 5, 35, 32, -1, 4),
(4138, 330, 5, 0, 6, 35, 29, -1, 4),
(4139, 331, 5, 0, 6, 30, 29, -1, 4),
(4140, 332, 5, 0, 1, 32, 32, -1, 4),
(4141, 333, 5, 0, 6, 30, 21, -1, 4),
(4142, 334, 5, 0, 6, 31, 31, -1, 4),
(4143, 335, 5, 0, 1, 35, 30, -1, 4),
(4144, 336, 5, 0, 6, 35, 31, -1, 4),
(4145, 337, 5, 0, 1, 30, 30, -1, 4),
(4146, 338, 5, 0, 5, 35, 30, -1, 4),
(4147, 338, 5, 0, 5, 35, 31, -1, 4),
(4148, 338, 5, 0, 5, 30, 30, -1, 4),
(4149, 338, 5, 0, 5, 40, 40, -1, 4),
(4150, 338, 5, 0, 5, 40, 40, -1, 4),
(4151, 338, 5, 0, 5, 36, 36, -1, 4),
(4152, 338, 5, 0, 5, 36, 36, -1, 4),
(4153, 338, 5, 0, 5, 37, 37, -1, 4),
(4154, 338, 5, 0, 5, 36, 36, -1, 4),
(4155, 338, 5, 0, 6, 50, 34, -1, 4),
(4156, 339, 5, 0, 5, 52, 51, -1, 4),
(4157, 339, 5, 0, 5, 50, 44, -1, 4),
(4158, 339, 5, 0, 5, 51, 51, -1, 4),
(4159, 339, 5, 0, 5, 36, 35, -1, 4),
(4160, 339, 5, 0, 5, 42, 42, -1, 4),
(4161, 339, 5, 0, 5, 43, 43, -1, 4),
(4162, 339, 5, 0, 5, 36, 35, -1, 4),
(4163, 339, 5, 0, 5, 41, 41, -1, 4),
(4164, 339, 5, 0, 5, 42, 42, -1, 4),
(4165, 339, 5, 0, 5, 45, 44, -1, 4),
(4166, 339, 5, 0, 5, 37, 35, -1, 4),
(4167, 339, 5, 0, 5, 47, 46, -1, 4),
(4168, 339, 5, 0, 5, 35, 31, -1, 4),
(4169, 339, 5, 0, 5, 35, 31, -1, 4),
(4170, 340, 5, 0, 5, 40, 40, -1, 4),
(4171, 340, 5, 0, 5, 40, 36, -1, 4),
(4172, 340, 5, 0, 5, 35, 34, -1, 4),
(4173, 340, 5, 0, 5, 40, 34, -1, 4),
(4174, 340, 5, 0, 5, 30, 26, -1, 4),
(4175, 340, 5, 0, 5, 35, 35, -1, 4),
(4176, 340, 5, 0, 5, 42, 42, -1, 4),
(4177, 340, 5, 0, 5, 31, 30, -1, 4),
(4178, 340, 5, 0, 5, 40, 30, -1, 4),
(4179, 340, 5, 0, 5, 40, 40, -1, 4),
(4180, 340, 5, 0, 5, 40, 36, -1, 4),
(4181, 340, 5, 0, 5, 35, 34, -1, 4),
(4182, 340, 5, 0, 5, 40, 34, -1, 4),
(4183, 340, 5, 0, 5, 30, 26, -1, 4),
(4184, 341, 5, 0, 1, 35, 35, -1, 4),
(4185, 342, 5, 0, 6, 42, 42, -1, 4),
(4186, 343, 5, 0, 1, 31, 30, -1, 4),
(4187, 344, 5, 0, 6, 40, 30, -1, 4),
(4188, 345, 5, 0, 4, 33, 32, -1, 4),
(4189, 346, 5, 0, 1, 34, 34, -1, 4),
(4190, 347, 5, 0, 5, 33, 33, -1, 4),
(4191, 348, 5, 0, 6, 33, 33, -1, 4),
(4192, 349, 5, 0, 1, 33, 31, -1, 4),
(4193, 350, 5, 0, 6, 33, 33, -1, 4),
(4194, 351, 5, 0, 4, 34, 32, -1, 4),
(4195, 352, 5, 0, 1, 34, 34, -1, 4),
(4196, 353, 5, 0, 1, 33, 33, -1, 4),
(4197, 353, 5, 0, 1, 33, 32, -1, 4),
(4198, 354, 5, 0, 6, 34, 34, -1, 4),
(4199, 355, 5, 0, 6, 33, 33, -1, 4),
(4200, 356, 5, 0, 1, 33, 33, -1, 4),
(4201, 357, 5, 0, 2, 33, 31, -1, 4),
(4202, 358, 5, 0, 6, 33, 33, -1, 4),
(4203, 359, 5, 0, 6, 34, 32, -1, 4),
(4204, 360, 5, 0, 6, 34, 34, -1, 4),
(4205, 361, 5, 0, 6, 33, 33, -1, 4),
(4206, 362, 5, 0, 6, 15, 6, -1, 4),
(4207, 363, 5, 0, 1, 15, 7, -1, 4),
(4208, 364, 5, 0, 1, 15, 4, -1, 4),
(4209, 365, 5, 0, 6, 15, 10, -1, 4),
(4210, 366, 5, 0, 1, 15, 12, -1, 4),
(4211, 367, 5, 0, 6, 20, 10, -1, 4),
(4212, 368, 5, 0, 5, 30, 18, -1, 4),
(4213, 369, 5, 0, 6, 30, 29, -1, 4),
(4214, 370, 5, 0, 6, 30, 20, -1, 4),
(4215, 371, 5, 0, 6, 30, 15, -1, 4),
(4216, 372, 5, 0, 6, 30, 25, -1, 4),
(4217, 373, 5, 0, 5, 30, 25, -1, 4),
(4218, 374, 5, 0, 6, 30, 30, -1, 4),
(4219, 375, 5, 0, 6, 40, 38, -1, 4),
(4220, 375, 5, 0, 4, 40, 28, -1, 4),
(4221, 376, 5, 0, 2, 41, 41, -1, 4),
(4222, 377, 5, 0, 6, 52, 52, -1, 4),
(4223, 378, 5, 0, 1, 51, 51, -1, 4),
(4224, 378, 5, 0, 6, 51, 51, -1, 4),
(4225, 379, 5, 0, 5, 50, 50, -1, 4),
(4226, 379, 5, 0, 6, 56, 56, -1, 4),
(4227, 379, 5, 0, 5, 50, 30, -1, 4),
(4228, 379, 5, 0, 5, 50, 49, -1, 4),
(4229, 379, 5, 0, 5, 50, 41, -1, 4),
(4230, 379, 5, 0, 6, 50, 50, -1, 4),
(4231, 379, 5, 0, 6, 15, 5, -1, 4),
(4232, 379, 5, 0, 5, 15, 4, -1, 4),
(4233, 379, 5, 0, 4, 15, 6, -1, 4),
(4234, 379, 5, 0, 5, 22, 21, -1, 4),
(4235, 379, 5, 0, 5, 20, 20, -1, 4),
(4236, 379, 5, 0, 6, 20, 13, -1, 4),
(4237, 380, 5, 0, 6, 20, 17, -1, 4),
(4238, 381, 5, 0, 1, 20, 20, -1, 4),
(4239, 382, 5, 0, 1, 20, 20, -1, 4),
(4240, 383, 5, 0, 5, 20, 18, -1, 4),
(4241, 383, 5, 0, 5, 20, 2, -1, 4),
(4242, 383, 5, 0, 5, 20, 18, -1, 4),
(4243, 384, 5, 0, 5, 20, 16, -1, 4),
(4244, 384, 5, 0, 6, 20, 16, -1, 4),
(4245, 384, 5, 0, 1, 20, 19, -1, 4),
(4246, 385, 5, 0, 5, 20, 8, -1, 4),
(4247, 386, 5, 0, 5, 20, 18, -1, 4),
(4248, 386, 5, 0, 5, 20, 14, -1, 4),
(4249, 386, 5, 0, 5, 23, 21, -1, 4),
(4250, 386, 5, 0, 5, 20, 13, -1, 4),
(4251, 386, 5, 0, 5, 20, 7, -1, 4),
(4252, 386, 5, 0, 5, 20, 19, -1, 4),
(4253, 386, 5, 0, 5, 21, 20, -1, 4),
(4254, 387, 5, 0, 6, 20, 19, -1, 4),
(4255, 388, 5, 0, 6, 23, 21, -1, 4),
(4256, 389, 5, 0, 1, 25, 23, -1, 4),
(4257, 390, 5, 0, 6, 31, 29, -1, 4),
(4258, 391, 5, 0, 6, 30, 30, -1, 4),
(4259, 392, 5, 0, 6, 21, 20, -1, 4),
(4260, 393, 5, 0, 1, 20, 20, -1, 4),
(4261, 394, 5, 0, 5, 20, 3, -1, 4),
(4262, 394, 5, 0, 5, 20, 4, -1, 4),
(4263, 394, 5, 0, 5, 20, 3, -1, 4),
(4264, 394, 5, 0, 5, 20, 4, -1, 4),
(4265, 394, 5, 0, 5, 20, 1, -1, 4),
(4266, 395, 5, 0, 5, 20, 6, -1, 4),
(4267, 396, 5, 0, 1, 20, 4, -1, 5),
(4268, 397, 5, 0, 1, 20, 1, -1, 5),
(4269, 398, 5, 0, 5, 20, 3, 0, 5),
(4270, 399, 5, 0, 1, 20, 8, -1, 5),
(4271, 400, 5, 0, 1, 20, 1, -1, 5),
(4272, 401, 5, 0, 1, 20, 3, -1, 5),
(4273, 402, 5, 0, 1, 20, 20, -1, 5),
(4274, 402, 5, 0, 4, 20, 13, -1, 5),
(4275, 403, 5, 0, 4, 20, 17, -1, 5),
(4276, 404, 5, 0, 4, 20, 20, -1, 5),
(4277, 405, 5, 0, 4, 20, 20, -1, 5),
(4278, 405, 5, 0, 4, 20, 18, -1, 5),
(4279, 406, 5, 0, 4, 20, 6, -1, 5),
(4280, 407, 5, 0, 4, 20, 2, -1, 5),
(4281, 407, 5, 0, 5, 20, 18, -1, 5),
(4282, 408, 5, 0, 4, 20, 16, -1, 5),
(4283, 408, 5, 0, 4, 20, 6, -1, 5),
(4284, 409, 5, 0, 1, 20, 16, -1, 5),
(4285, 409, 5, 0, 5, 20, 19, -1, 5),
(4286, 409, 5, 0, 5, 20, 18, -1, 5),
(4287, 410, 5, 0, 5, 20, 8, -1, 5),
(4288, 411, 5, 0, 5, 20, 18, -1, 5),
(4289, 411, 5, 0, 5, 20, 14, -1, 5),
(4290, 412, 5, 0, 5, 23, 21, -1, 5),
(4291, 412, 5, 0, 5, 20, 13, -1, 5),
(4292, 413, 5, 0, 1, 20, 7, -1, 5),
(4293, 414, 5, 0, 4, 20, 19, -1, 5),
(4294, 414, 5, 0, 4, 21, 20, -1, 5),
(4295, 414, 5, 0, 4, 23, 21, -1, 5),
(4296, 415, 5, 0, 4, 25, 23, -1, 5),
(4297, 415, 5, 0, 4, 31, 29, -1, 5),
(4298, 415, 5, 0, 4, 30, 30, -1, 5),
(4299, 416, 5, 0, 4, 21, 20, -1, 5),
(4300, 416, 5, 0, 4, 20, 20, -1, 5),
(4301, 417, 5, 0, 5, 20, 3, -1, 5),
(4302, 417, 5, 0, 4, 20, 4, -1, 5),
(4303, 417, 5, 0, 4, 20, 3, -1, 5),
(4304, 418, 5, 0, 4, 20, 4, -1, 5),
(4305, 418, 5, 0, 4, 20, 4, -1, 5),
(4306, 418, 5, 0, 4, 20, 4, -1, 5),
(4307, 419, 5, 0, 4, 20, 2, -1, 5),
(4308, 419, 5, 0, 4, 20, 4, -1, 5),
(4309, 419, 5, 0, 5, 20, 1, -1, 5),
(4310, 420, 5, 0, 4, 20, 6, -1, 5),
(4311, 420, 5, 0, 4, 20, 4, -1, 5),
(4312, 420, 5, 0, 4, 20, 1, -1, 5),
(4313, 421, 5, 0, 5, 20, 3, -1, 5),
(4314, 421, 5, 0, 5, 20, 8, -1, 5),
(4315, 421, 5, 0, 5, 20, 1, -1, 5),
(4316, 421, 5, 0, 5, 20, 3, -1, 5),
(4317, 422, 5, 0, 4, 20, 6, -1, 5),
(4318, 422, 5, 0, 4, 40, 12, -1, 5),
(4319, 422, 5, 0, 4, 40, 14, -1, 5),
(4320, 423, 5, 0, 1, 40, 5, -1, 5),
(4321, 423, 5, 0, 1, 40, 13, -1, 5),
(4322, 423, 5, 0, 1, 40, 12, -1, 5),
(4323, 424, 5, 0, 5, 40, 35, -1, 5),
(4324, 424, 5, 0, 5, 40, 33, -1, 5),
(4325, 425, 5, 0, 1, 40, 36, -1, 5),
(4326, 425, 5, 0, 4, 40, 39, -1, 5),
(4327, 425, 5, 0, 1, 20, 16, -1, 5),
(4328, 425, 5, 0, 1, 30, 6, -1, 5),
(4329, 426, 5, 0, 4, 30, 11, -1, 5),
(4330, 426, 5, 0, 4, 30, 14, -1, 5),
(4331, 426, 5, 0, 4, 20, 9, -1, 5),
(4332, 427, 5, 0, 1, 20, 19, -1, 5),
(4333, 427, 5, 0, 1, 20, 15, -1, 5),
(4334, 427, 5, 0, 1, 30, 30, -1, 5),
(4335, 427, 5, 0, 1, 46, 42, -1, 5),
(4336, 427, 5, 0, 1, 46, 46, -1, 5),
(4337, 427, 5, 0, 1, 46, 46, -1, 5),
(4338, 428, 5, 0, 4, 46, 46, -1, 5),
(4339, 428, 5, 0, 4, 46, 46, -1, 5),
(4340, 429, 5, 0, 5, 46, 44, -1, 5),
(4341, 429, 5, 0, 5, 46, 45, -1, 5),
(4342, 430, 5, 0, 1, 46, 44, 0, 5),
(4343, 430, 5, 0, 1, 46, 46, -1, 5),
(4344, 430, 5, 0, 1, 46, 44, -1, 5),
(4345, 430, 5, 0, 1, 46, 45, -1, 5),
(4346, 430, 5, 0, 1, 46, 44, -1, 5),
(4347, 430, 5, 0, 1, 46, 43, 0, 5),
(4348, 431, 5, 0, 1, 46, 38, 0, 5),
(4349, 431, 5, 0, 1, 46, 46, -1, 5),
(4350, 1, 6, 0, 5, 55, 23, -1, 1),
(4351, 1, 6, 0, 5, 50, 43, -1, 1),
(4352, 1, 6, 0, 6, 50, 45, -1, 1),
(4353, 2, 6, 0, 5, 50, 45, -1, 1),
(4354, 3, 6, 0, 5, 52, 47, -1, 1),
(4355, 4, 6, 0, 5, 51, 46, -1, 1),
(4356, 4, 6, 0, 5, 51, 37, -1, 1),
(4357, 4, 6, 0, 5, 50, 45, -1, 1),
(4358, 5, 6, 0, 5, 50, 10, -1, 1),
(4359, 6, 6, 0, 5, 50, 0, -1, 1),
(4360, 6, 6, 0, 5, 50, 36, -1, 1),
(4361, 6, 6, 0, 5, 50, 35, -1, 1),
(4362, 7, 6, 0, 5, 50, 45, -1, 1),
(4363, 7, 6, 0, 5, 50, 45, -1, 1),
(4364, 7, 6, 0, 5, 50, 50, -1, 1),
(4365, 7, 6, 0, 5, 50, 45, -1, 1),
(4366, 8, 6, 0, 5, 51, 46, -1, 1),
(4367, 8, 6, 0, 5, 50, 27, -1, 1),
(4368, 8, 6, 0, 5, 50, 11, -1, 1);
INSERT INTO `section` (`id`, `course_id`, `semester_id`, `department_id`, `classroom_id`, `section_capacity`, `enrolled_students`, `blocked`, `school_id`) VALUES
(4369, 9, 6, 0, 5, 50, 13, -1, 1),
(4370, 9, 6, 0, 5, 50, 29, -1, 1),
(4371, 9, 6, 0, 5, 50, 33, -1, 1),
(4372, 9, 6, 0, 5, 50, 0, -1, 1),
(4373, 9, 6, 0, 5, 55, 50, -1, 1),
(4374, 9, 6, 0, 5, 50, 18, -1, 1),
(4375, 9, 6, 0, 5, 50, 11, -1, 1),
(4376, 10, 6, 0, 5, 35, 19, -1, 1),
(4377, 11, 6, 0, 5, 55, 50, -1, 1),
(4378, 12, 6, 0, 5, 46, 41, -1, 1),
(4379, 12, 6, 0, 5, 45, 39, -1, 1),
(4380, 12, 6, 0, 5, 46, 41, -1, 1),
(4381, 12, 6, 0, 5, 46, 41, -1, 1),
(4382, 12, 6, 0, 5, 45, 22, -1, 1),
(4383, 12, 6, 0, 5, 45, 40, -1, 1),
(4384, 13, 6, 0, 6, 40, 27, -1, 1),
(4385, 14, 6, 0, 5, 35, 22, -1, 1),
(4386, 15, 6, 0, 5, 25, 2, -1, 1),
(4387, 16, 6, 0, 4, 37, 16, -1, 1),
(4388, 17, 6, 0, 5, 25, 11, -1, 1),
(4389, 17, 6, 0, 5, 25, 7, -1, 1),
(4390, 17, 6, 0, 5, 15, 0, -1, 1),
(4391, 17, 6, 0, 5, 45, 12, -1, 1),
(4392, 18, 6, 0, 6, 45, 12, -1, 1),
(4393, 19, 6, 0, 4, 25, 12, -1, 1),
(4394, 20, 6, 0, 6, 25, 12, -1, 1),
(4395, 21, 6, 0, 5, 35, 24, -1, 1),
(4396, 21, 6, 0, 5, 25, 7, -1, 1),
(4397, 21, 6, 0, 5, 25, 11, -1, 1),
(4398, 21, 6, 0, 5, 28, 12, -1, 1),
(4399, 21, 6, 0, 5, 30, 21, -1, 1),
(4400, 22, 6, 0, 5, 20, 0, -1, 1),
(4401, 22, 6, 0, 5, 25, 8, -1, 1),
(4402, 22, 6, 0, 5, 30, 12, -1, 1),
(4403, 22, 6, 0, 5, 25, 14, -1, 1),
(4404, 22, 6, 0, 5, 25, 16, -1, 1),
(4405, 22, 6, 0, 5, 30, 17, -1, 1),
(4406, 22, 6, 0, 5, 30, 18, -1, 1),
(4407, 23, 6, 0, 5, 30, 12, -1, 1),
(4408, 24, 6, 0, 5, 30, 15, -1, 1),
(4409, 25, 6, 0, 5, 15, 3, -1, 1),
(4410, 25, 6, 0, 5, 15, 3, -1, 1),
(4411, 26, 6, 0, 5, 15, 2, -1, 1),
(4412, 26, 6, 0, 5, 15, 2, -1, 1),
(4413, 27, 6, 0, 5, 15, 1, -1, 1),
(4414, 27, 6, 0, 5, 30, 24, -1, 1),
(4415, 28, 6, 0, 5, 30, 25, -1, 1),
(4416, 28, 6, 0, 5, 30, 25, -1, 1),
(4417, 28, 6, 0, 5, 30, 25, -1, 1),
(4418, 28, 6, 0, 5, 30, 24, -1, 1),
(4419, 28, 6, 0, 5, 30, 25, -1, 1),
(4420, 28, 6, 0, 5, 50, 45, -1, 1),
(4421, 28, 6, 0, 5, 52, 46, -1, 1),
(4422, 28, 6, 0, 5, 52, 47, -1, 1),
(4423, 29, 6, 0, 5, 52, 47, -1, 1),
(4424, 29, 6, 0, 5, 51, 46, -1, 1),
(4425, 30, 6, 0, 5, 50, 0, -1, 1),
(4426, 31, 6, 0, 5, 40, 17, -1, 1),
(4427, 31, 6, 0, 5, 8, 0, -1, 1),
(4428, 32, 6, 0, 5, 50, 0, -1, 1),
(4429, 32, 6, 0, 5, 50, 0, -1, 1),
(4430, 33, 6, 0, 5, 50, 24, -1, 1),
(4431, 33, 6, 0, 5, 50, 24, -1, 1),
(4432, 34, 6, 0, 5, 35, 7, -1, 1),
(4433, 34, 6, 0, 5, 35, 7, -1, 1),
(4434, 35, 6, 0, 5, 15, 1, -1, 1),
(4435, 35, 6, 0, 5, 55, 13, -1, 1),
(4436, 35, 6, 0, 5, 55, 37, -1, 1),
(4437, 35, 6, 0, 5, 35, 28, -1, 1),
(4438, 35, 6, 0, 5, 35, 30, -1, 1),
(4439, 35, 6, 0, 5, 35, 30, -1, 1),
(4440, 35, 6, 0, 5, 35, 29, -1, 1),
(4441, 36, 6, 0, 6, 55, 50, -1, 1),
(4442, 37, 6, 0, 5, 55, 49, -1, 1),
(4443, 38, 6, 0, 5, 56, 51, -1, 1),
(4444, 38, 6, 0, 5, 55, 49, -1, 1),
(4445, 39, 6, 0, 5, 55, 50, -1, 1),
(4446, 40, 6, 0, 5, 55, 50, -1, 1),
(4447, 40, 6, 0, 5, 55, 49, -1, 1),
(4448, 41, 6, 0, 5, 55, 48, -1, 1),
(4449, 42, 6, 0, 5, 55, 49, -1, 1),
(4450, 42, 6, 0, 5, 55, 50, -1, 1),
(4451, 43, 6, 0, 5, 55, 50, -1, 1),
(4452, 43, 6, 0, 5, 42, 37, -1, 1),
(4453, 44, 6, 0, 5, 46, 41, -1, 1),
(4454, 44, 6, 0, 5, 42, 37, -1, 1),
(4455, 44, 6, 0, 5, 42, 37, -1, 1),
(4456, 44, 6, 0, 5, 40, 0, -1, 1),
(4457, 44, 6, 0, 5, 42, 37, -1, 1),
(4458, 44, 6, 0, 5, 51, 46, -1, 1),
(4459, 45, 6, 0, 6, 51, 45, -1, 1),
(4460, 46, 6, 0, 6, 50, 45, -1, 1),
(4461, 47, 6, 0, 6, 50, 45, -1, 1),
(4462, 48, 6, 0, 6, 50, 45, -1, 1),
(4463, 49, 6, 0, 5, 51, 46, -1, 1),
(4464, 50, 6, 0, 4, 50, 45, -1, 1),
(4465, 51, 6, 0, 5, 52, 47, -1, 1),
(4466, 52, 6, 0, 5, 52, 47, -1, 1),
(4467, 53, 6, 0, 6, 51, 45, -1, 1),
(4468, 54, 6, 0, 6, 50, 31, -1, 1),
(4469, 55, 6, 0, 4, 54, 49, -1, 1),
(4470, 56, 6, 0, 6, 55, 48, -1, 1),
(4471, 57, 6, 0, 6, 25, 18, -1, 1),
(4472, 58, 6, 0, 4, 25, 0, -1, 1),
(4473, 58, 6, 0, 6, 25, 19, -1, 1),
(4474, 58, 6, 0, 6, 25, 0, -1, 1),
(4475, 58, 6, 0, 6, 25, 0, -1, 1),
(4476, 58, 6, 0, 5, 35, 30, -1, 1),
(4477, 58, 6, 0, 5, 35, 29, -1, 1),
(4478, 58, 6, 0, 5, 35, 29, -1, 1),
(4479, 58, 6, 0, 6, 35, 30, -1, 1),
(4480, 59, 6, 0, 4, 35, 30, -1, 1),
(4481, 59, 6, 0, 6, 35, 30, -1, 1),
(4482, 59, 6, 0, 5, 35, 30, -1, 1),
(4483, 59, 6, 0, 5, 37, 31, -1, 1),
(4484, 59, 6, 0, 6, 35, 29, -1, 1),
(4485, 59, 6, 0, 5, 35, 12, -1, 1),
(4486, 59, 6, 0, 5, 35, 14, -1, 1),
(4487, 59, 6, 0, 4, 35, 23, -1, 1),
(4488, 59, 6, 0, 4, 35, 0, -1, 1),
(4489, 59, 6, 0, 6, 35, 29, -1, 1),
(4490, 60, 6, 0, 5, 35, 29, -1, 1),
(4491, 60, 6, 0, 5, 35, 30, -1, 1),
(4492, 60, 6, 0, 4, 35, 30, -1, 1),
(4493, 61, 6, 0, 5, 35, 30, -1, 1),
(4494, 61, 6, 0, 5, 35, 30, -1, 1),
(4495, 61, 6, 0, 5, 36, 31, -1, 1),
(4496, 61, 6, 0, 5, 35, 29, -1, 1),
(4497, 61, 6, 0, 5, 35, 12, -1, 1),
(4498, 61, 6, 0, 5, 35, 14, -1, 1),
(4499, 62, 6, 0, 5, 35, 25, -1, 1),
(4500, 62, 6, 0, 5, 35, 0, -1, 1),
(4501, 62, 6, 0, 5, 32, 26, -1, 1),
(4502, 62, 6, 0, 5, 32, 22, -1, 1),
(4503, 62, 6, 0, 5, 32, 25, -1, 1),
(4504, 62, 6, 0, 5, 32, 15, -1, 1),
(4505, 62, 6, 0, 5, 32, 26, -1, 1),
(4506, 63, 6, 0, 5, 32, 27, -1, 1),
(4507, 63, 6, 0, 5, 32, 27, -1, 1),
(4508, 63, 6, 0, 5, 32, 24, -1, 1),
(4509, 63, 6, 0, 5, 32, 27, -1, 1),
(4510, 63, 6, 0, 5, 32, 19, -1, 1),
(4511, 63, 6, 0, 5, 32, 26, -1, 1),
(4512, 63, 6, 0, 5, 32, 27, -1, 1),
(4513, 63, 6, 0, 5, 32, 4, -1, 1),
(4514, 64, 6, 0, 5, 20, 12, -1, 1),
(4515, 64, 6, 0, 5, 20, 15, -1, 1),
(4516, 64, 6, 0, 5, 20, 12, -1, 1),
(4517, 64, 6, 0, 5, 38, 33, -1, 1),
(4518, 64, 6, 0, 5, 28, 23, -1, 1),
(4519, 64, 6, 0, 5, 25, 19, -1, 1),
(4520, 64, 6, 0, 5, 25, 15, -1, 1),
(4521, 64, 6, 0, 5, 25, 14, -1, 1),
(4522, 64, 6, 0, 5, 28, 19, -1, 1),
(4523, 65, 6, 0, 5, 30, 25, 0, 1),
(4524, 66, 6, 0, 5, 36, 30, -1, 1),
(4525, 67, 6, 0, 6, 25, 11, -1, 1),
(4526, 67, 6, 0, 5, 30, 13, -1, 1),
(4527, 68, 6, 0, 5, 20, 14, -1, 1),
(4528, 68, 6, 0, 5, 25, 2, -1, 1),
(4529, 69, 6, 0, 5, 20, 4, -1, 1),
(4530, 70, 6, 0, 5, 30, 23, -1, 1),
(4531, 70, 6, 0, 5, 25, 16, -1, 1),
(4532, 71, 6, 0, 5, 25, 19, -1, 1),
(4533, 71, 6, 0, 5, 38, 33, -1, 1),
(4534, 72, 6, 0, 6, 20, 9, -1, 1),
(4535, 72, 6, 0, 5, 30, 8, -1, 1),
(4536, 72, 6, 0, 5, 25, 10, -1, 1),
(4537, 72, 6, 0, 5, 25, 9, -1, 1),
(4538, 72, 6, 0, 5, 32, 27, -1, 1),
(4539, 72, 6, 0, 5, 25, 12, -1, 1),
(4540, 72, 6, 0, 5, 30, 11, -1, 1),
(4541, 73, 6, 0, 5, 30, 4, -1, 1),
(4542, 73, 6, 0, 5, 38, 31, -1, 1),
(4543, 73, 6, 0, 5, 41, 30, -1, 1),
(4544, 73, 6, 0, 5, 40, 35, -1, 1),
(4545, 73, 6, 0, 5, 42, 34, -1, 1),
(4546, 73, 6, 0, 5, 38, 32, -1, 1),
(4547, 73, 6, 0, 5, 38, 33, -1, 1),
(4548, 73, 6, 0, 5, 38, 33, -1, 1),
(4549, 73, 6, 0, 5, 42, 35, -1, 1),
(4550, 74, 6, 0, 6, 35, 0, -1, 2),
(4551, 75, 6, 0, 6, 35, 0, -1, 2),
(4552, 76, 6, 0, 6, 38, 30, -1, 2),
(4553, 77, 6, 0, 6, 41, 30, -1, 2),
(4554, 78, 6, 0, 6, 40, 35, -1, 2),
(4555, 78, 6, 0, 1, 41, 34, -1, 2),
(4556, 79, 6, 0, 1, 38, 32, -1, 2),
(4557, 80, 6, 0, 6, 38, 33, -1, 2),
(4558, 81, 6, 0, 6, 38, 33, -1, 2),
(4559, 82, 6, 0, 4, 43, 35, -1, 2),
(4560, 83, 6, 0, 6, 35, 0, -1, 2),
(4561, 84, 6, 0, 1, 35, 0, -1, 2),
(4562, 85, 6, 0, 6, 40, 25, -1, 2),
(4563, 86, 6, 0, 6, 40, 25, -1, 2),
(4564, 87, 6, 0, 5, 45, 38, -1, 2),
(4565, 88, 6, 0, 1, 47, 42, -1, 2),
(4566, 89, 6, 0, 6, 45, 29, -1, 2),
(4567, 90, 6, 0, 6, 35, 7, 0, 2),
(4568, 91, 6, 0, 4, 35, 0, -1, 2),
(4569, 92, 6, 0, 6, 37, 32, 0, 2),
(4570, 93, 6, 0, 6, 40, 34, -1, 2),
(4571, 94, 6, 0, 6, 35, 0, -1, 2),
(4572, 95, 6, 0, 6, 39, 18, -1, 2),
(4573, 96, 6, 0, 6, 39, 34, 0, 2),
(4574, 97, 6, 0, 6, 38, 33, -1, 2),
(4575, 98, 6, 0, 6, 35, 0, -1, 2),
(4576, 99, 6, 0, 1, 35, 0, -1, 2),
(4577, 100, 6, 0, 4, 40, 34, -1, 2),
(4578, 100, 6, 0, 5, 40, 33, -1, 2),
(4579, 100, 6, 0, 5, 40, 35, 0, 2),
(4580, 100, 6, 0, 5, 40, 35, -1, 2),
(4581, 100, 6, 0, 6, 39, 34, -1, 2),
(4582, 100, 6, 0, 5, 37, 31, -1, 2),
(4583, 100, 6, 0, 5, 37, 26, -1, 2),
(4584, 100, 6, 0, 5, 35, 0, -1, 2),
(4585, 100, 6, 0, 5, 37, 31, -1, 2),
(4586, 100, 6, 0, 5, 37, 26, -1, 2),
(4587, 101, 6, 0, 1, 35, 0, -1, 2),
(4588, 102, 6, 0, 5, 37, 31, -1, 2),
(4589, 103, 6, 0, 6, 35, 26, -1, 2),
(4590, 104, 6, 0, 5, 35, 0, -1, 2),
(4591, 105, 6, 0, 2, 35, 19, -1, 2),
(4592, 106, 6, 0, 5, 35, 14, -1, 2),
(4593, 107, 6, 0, 5, 35, 26, -1, 2),
(4594, 108, 6, 0, 6, 35, 0, -1, 2),
(4595, 109, 6, 0, 5, 35, 19, -1, 2),
(4596, 110, 6, 0, 5, 35, 14, -1, 2),
(4597, 110, 6, 0, 5, 36, 21, -1, 2),
(4598, 111, 6, 0, 5, 55, 0, -1, 2),
(4599, 112, 6, 0, 4, 49, 42, -1, 2),
(4600, 113, 6, 0, 6, 36, 20, -1, 2),
(4601, 114, 6, 0, 5, 35, 0, -1, 2),
(4602, 115, 6, 0, 6, 35, 30, -1, 2),
(4603, 116, 6, 0, 1, 35, 13, -1, 2),
(4604, 117, 6, 0, 5, 35, 27, -1, 2),
(4605, 118, 6, 0, 5, 38, 22, -1, 2),
(4606, 119, 6, 0, 5, 35, 29, -1, 2),
(4607, 120, 6, 0, 6, 35, 20, -1, 2),
(4608, 121, 6, 0, 5, 35, 27, -1, 2),
(4609, 122, 6, 0, 4, 38, 22, -1, 2),
(4610, 122, 6, 0, 6, 35, 29, -1, 2),
(4611, 123, 6, 0, 6, 35, 20, -1, 2),
(4612, 124, 6, 0, 5, 38, 31, -1, 2),
(4613, 124, 6, 0, 5, 39, 34, -1, 2),
(4614, 125, 6, 0, 5, 38, 33, -1, 2),
(4615, 126, 6, 0, 6, 40, 35, -1, 2),
(4616, 126, 6, 0, 1, 38, 31, -1, 2),
(4617, 127, 6, 0, 6, 39, 34, -1, 2),
(4618, 128, 6, 0, 5, 38, 33, -1, 2),
(4619, 129, 6, 0, 4, 40, 35, -1, 2),
(4620, 129, 6, 0, 6, 35, 16, -1, 2),
(4621, 129, 6, 0, 5, 35, 29, -1, 2),
(4622, 129, 6, 0, 5, 35, 17, -1, 2),
(4623, 129, 6, 0, 5, 40, 33, -1, 2),
(4624, 129, 6, 0, 5, 40, 35, -1, 2),
(4625, 129, 6, 0, 5, 40, 34, -1, 2),
(4626, 129, 6, 0, 5, 40, 35, -1, 2),
(4627, 130, 6, 0, 5, 36, 31, -1, 2),
(4628, 130, 6, 0, 5, 35, 27, -1, 2),
(4629, 131, 6, 0, 6, 36, 21, -1, 2),
(4630, 132, 6, 0, 6, 36, 31, 0, 2),
(4631, 133, 6, 0, 1, 35, 27, -1, 2),
(4632, 134, 6, 0, 6, 36, 21, 0, 2),
(4633, 135, 6, 0, 6, 46, 41, -1, 2),
(4634, 136, 6, 0, 5, 45, 36, -1, 2),
(4635, 136, 6, 0, 6, 37, 29, -1, 2),
(4636, 136, 6, 0, 6, 37, 31, -1, 2),
(4637, 136, 6, 0, 5, 36, 19, -1, 2),
(4638, 136, 6, 0, 6, 35, 22, -1, 2),
(4639, 137, 6, 0, 5, 37, 22, -1, 2),
(4640, 138, 6, 0, 6, 35, 27, -1, 2),
(4641, 139, 6, 0, 6, 36, 0, -1, 2),
(4642, 140, 6, 0, 6, 47, 42, -1, 2),
(4643, 141, 6, 0, 6, 47, 42, -1, 2),
(4644, 142, 6, 0, 6, 46, 41, -1, 2),
(4645, 143, 6, 0, 1, 46, 41, -1, 2),
(4646, 144, 6, 0, 1, 42, 35, -1, 2),
(4647, 145, 6, 0, 6, 43, 38, -1, 2),
(4648, 146, 6, 0, 1, 42, 33, -1, 2),
(4649, 147, 6, 0, 6, 35, 0, -1, 2),
(4650, 148, 6, 0, 6, 42, 35, -1, 2),
(4651, 149, 6, 0, 5, 43, 38, -1, 2),
(4652, 150, 6, 0, 6, 42, 33, 0, 2),
(4653, 151, 6, 0, 5, 35, 0, -1, 2),
(4654, 152, 6, 0, 6, 37, 28, 0, 2),
(4655, 153, 6, 0, 6, 37, 32, -1, 2),
(4656, 154, 6, 0, 1, 37, 27, -1, 3),
(4657, 155, 6, 0, 1, 37, 28, -1, 3),
(4658, 156, 6, 0, 4, 37, 32, -1, 3),
(4659, 157, 6, 0, 5, 37, 27, -1, 3),
(4660, 158, 6, 0, 5, 41, 35, -1, 3),
(4661, 159, 6, 0, 5, 43, 38, -1, 3),
(4662, 159, 6, 0, 4, 35, 11, -1, 3),
(4663, 160, 6, 0, 5, 35, 5, -1, 3),
(4664, 160, 6, 0, 5, 35, 0, -1, 3),
(4665, 160, 6, 0, 5, 35, 0, -1, 3),
(4666, 160, 6, 0, 5, 50, 43, -1, 3),
(4667, 160, 6, 0, 5, 36, 29, -1, 3),
(4668, 161, 6, 0, 5, 45, 29, -1, 3),
(4669, 161, 6, 0, 5, 10, 0, -1, 3),
(4670, 161, 6, 0, 5, 10, 5, -1, 3),
(4671, 161, 6, 0, 5, 10, 0, -1, 3),
(4672, 161, 6, 0, 5, 10, 0, -1, 3),
(4673, 161, 6, 0, 5, 10, 0, -1, 3),
(4674, 161, 6, 0, 5, 10, 0, -1, 3),
(4675, 162, 6, 0, 5, 10, 0, -1, 3),
(4676, 163, 6, 0, 2, 10, 3, -1, 3),
(4677, 164, 6, 0, 1, 12, 7, -1, 3),
(4678, 165, 6, 0, 5, 11, 3, -1, 3),
(4679, 166, 6, 0, 5, 10, 4, -1, 3),
(4680, 166, 6, 0, 5, 10, 5, -1, 3),
(4681, 167, 6, 0, 5, 10, 5, -1, 3),
(4682, 168, 6, 0, 5, 10, 0, -1, 3),
(4683, 169, 6, 0, 5, 10, 0, -1, 3),
(4684, 169, 6, 0, 5, 10, 0, -1, 3),
(4685, 169, 6, 0, 5, 11, 6, -1, 3),
(4686, 169, 6, 0, 5, 11, 6, -1, 3),
(4687, 169, 6, 0, 5, 11, 4, -1, 3),
(4688, 169, 6, 0, 5, 11, 6, -1, 3),
(4689, 169, 6, 0, 5, 40, 35, -1, 3),
(4690, 169, 6, 0, 5, 40, 35, -1, 3),
(4691, 170, 6, 0, 5, 40, 29, -1, 3),
(4692, 171, 6, 0, 5, 43, 38, -1, 3),
(4693, 171, 6, 0, 5, 43, 30, -1, 3),
(4694, 171, 6, 0, 5, 44, 39, -1, 3),
(4695, 172, 6, 0, 5, 43, 36, -1, 3),
(4696, 173, 6, 0, 1, 35, 0, -1, 3),
(4697, 174, 6, 0, 5, 35, 0, -1, 3),
(4698, 174, 6, 0, 5, 43, 38, -1, 3),
(4699, 174, 6, 0, 5, 43, 38, -1, 3),
(4700, 174, 6, 0, 5, 43, 38, -1, 3),
(4701, 175, 6, 0, 5, 43, 38, -1, 3),
(4702, 176, 6, 0, 5, 43, 38, -1, 3),
(4703, 176, 6, 0, 5, 35, 0, -1, 3),
(4704, 176, 6, 0, 5, 35, 0, -1, 3),
(4705, 176, 6, 0, 5, 41, 36, -1, 3),
(4706, 176, 6, 0, 5, 40, 35, -1, 3),
(4707, 176, 6, 0, 5, 40, 35, -1, 3),
(4708, 177, 6, 0, 5, 40, 35, -1, 3),
(4709, 177, 6, 0, 5, 40, 35, -1, 3),
(4710, 177, 6, 0, 5, 40, 35, -1, 3),
(4711, 177, 6, 0, 5, 35, 0, -1, 3),
(4712, 177, 6, 0, 5, 40, 28, -1, 3),
(4713, 177, 6, 0, 5, 40, 35, -1, 3),
(4714, 177, 6, 0, 5, 35, 5, -1, 3),
(4715, 177, 6, 0, 5, 35, 22, -1, 3),
(4716, 177, 6, 0, 5, 35, 22, -1, 3),
(4717, 178, 6, 0, 5, 35, 26, -1, 3),
(4718, 179, 6, 0, 5, 35, 29, -1, 3),
(4719, 179, 6, 0, 5, 35, 18, -1, 3),
(4720, 180, 6, 0, 5, 35, 12, -1, 3),
(4721, 181, 6, 0, 3, 35, 28, -1, 3),
(4722, 182, 6, 0, 5, 35, 9, -1, 3),
(4723, 183, 6, 0, 3, 35, 20, -1, 3),
(4724, 183, 6, 0, 3, 35, 10, -1, 3),
(4725, 184, 6, 0, 5, 35, 11, -1, 3),
(4726, 185, 6, 0, 3, 35, 13, -1, 3),
(4727, 186, 6, 0, 5, 35, 2, -1, 3),
(4728, 187, 6, 0, 3, 35, 4, -1, 3),
(4729, 188, 6, 0, 5, 45, 33, -1, 3),
(4730, 189, 6, 0, 3, 45, 40, -1, 3),
(4731, 190, 6, 0, 5, 45, 20, -1, 3),
(4732, 191, 6, 0, 5, 45, 10, -1, 3),
(4733, 192, 6, 0, 5, 25, 13, -1, 3),
(4734, 193, 6, 0, 3, 25, 4, -1, 3),
(4735, 194, 6, 0, 5, 45, 39, -1, 3),
(4736, 195, 6, 0, 3, 25, 2, -1, 3),
(4737, 196, 6, 0, 5, 25, 13, -1, 3),
(4738, 197, 6, 0, 3, 45, 39, -1, 3),
(4739, 197, 6, 0, 3, 45, 34, -1, 3),
(4740, 198, 6, 0, 5, 45, 33, -1, 3),
(4741, 199, 6, 0, 2, 25, 16, -1, 3),
(4742, 199, 6, 0, 2, 25, 7, -1, 3),
(4743, 200, 6, 0, 5, 45, 27, -1, 3),
(4744, 201, 6, 0, 3, 45, 24, -1, 3),
(4745, 201, 6, 0, 3, 25, 8, -1, 3),
(4746, 202, 6, 0, 5, 25, 3, -1, 3),
(4747, 203, 6, 0, 2, 45, 33, -1, 3),
(4748, 203, 6, 0, 2, 30, 20, -1, 3),
(4749, 204, 6, 0, 5, 25, 12, -1, 3),
(4750, 205, 6, 0, 3, 55, 50, -1, 3),
(4751, 205, 6, 0, 3, 35, 30, -1, 3),
(4752, 206, 6, 0, 5, 25, 11, -1, 3),
(4753, 207, 6, 0, 2, 35, 18, -1, 3),
(4754, 208, 6, 0, 3, 45, 31, -1, 3),
(4755, 209, 6, 0, 2, 35, 22, -1, 3),
(4756, 210, 6, 0, 5, 25, 19, -1, 3),
(4757, 211, 6, 0, 3, 45, 30, -1, 3),
(4758, 211, 6, 0, 3, 25, 12, -1, 3),
(4759, 212, 6, 0, 5, 35, 21, -1, 3),
(4760, 213, 6, 0, 3, 45, 27, -1, 3),
(4761, 214, 6, 0, 5, 25, 14, -1, 3),
(4762, 215, 6, 0, 5, 25, 10, -1, 3),
(4763, 216, 6, 0, 3, 45, 34, -1, 3),
(4764, 216, 6, 0, 3, 35, 21, -1, 3),
(4765, 217, 6, 0, 4, 35, 22, -1, 3),
(4766, 217, 6, 0, 4, 15, 10, -1, 3),
(4767, 218, 6, 0, 5, 11, 1, -1, 3),
(4768, 218, 6, 0, 6, 15, 7, -1, 3),
(4769, 219, 6, 0, 4, 11, 2, -1, 3),
(4770, 219, 6, 0, 6, 15, 2, -1, 3),
(4771, 220, 6, 0, 2, 11, 0, -1, 3),
(4772, 220, 6, 0, 2, 13, 7, -1, 3),
(4773, 221, 6, 0, 5, 45, 17, -1, 3),
(4774, 221, 6, 0, 4, 25, 14, -1, 3),
(4775, 222, 6, 0, 3, 25, 7, -1, 3),
(4776, 222, 6, 0, 3, 45, 35, -1, 3),
(4777, 223, 6, 0, 4, 35, 30, -1, 3),
(4778, 224, 6, 0, 4, 50, 42, -1, 3),
(4779, 225, 6, 0, 4, 36, 31, -1, 3),
(4780, 225, 6, 0, 4, 45, 15, -1, 3),
(4781, 226, 6, 0, 5, 45, 4, -1, 3),
(4782, 227, 6, 0, 5, 45, 12, -1, 3),
(4783, 228, 6, 0, 5, 11, 0, -1, 3),
(4784, 229, 6, 0, 5, 11, 0, -1, 3),
(4785, 230, 6, 0, 5, 11, 0, -1, 3),
(4786, 231, 6, 0, 5, 11, 0, -1, 3),
(4787, 232, 6, 0, 5, 11, 2, -1, 3),
(4788, 232, 6, 0, 5, 11, 1, -1, 3),
(4789, 233, 6, 0, 5, 11, 0, -1, 3),
(4790, 234, 6, 0, 5, 11, 0, -1, 3),
(4791, 235, 6, 0, 3, 11, 0, 0, 3),
(4792, 235, 6, 0, 6, 11, 1, -1, 3),
(4793, 235, 6, 0, 3, 11, 2, -1, 3),
(4794, 236, 6, 0, 5, 11, 1, -1, 3),
(4795, 236, 6, 0, 6, 35, 24, -1, 3),
(4796, 236, 6, 0, 5, 35, 9, -1, 3),
(4797, 237, 6, 0, 3, 35, 14, 0, 3),
(4798, 237, 6, 0, 3, 35, 28, -1, 3),
(4799, 237, 6, 0, 3, 40, 33, -1, 3),
(4800, 238, 6, 0, 5, 35, 6, -1, 3),
(4801, 238, 6, 0, 5, 35, 11, -1, 3),
(4802, 238, 6, 0, 6, 35, 19, -1, 3),
(4803, 239, 6, 0, 5, 35, 12, -1, 3),
(4804, 239, 6, 0, 5, 35, 18, -1, 3),
(4805, 240, 6, 0, 5, 35, 10, -1, 3),
(4806, 240, 6, 0, 4, 35, 6, -1, 3),
(4807, 241, 6, 0, 7, 35, 8, -1, 3),
(4808, 241, 6, 0, 7, 15, 4, -1, 3),
(4809, 242, 6, 0, 5, 52, 46, -1, 3),
(4810, 242, 6, 0, 5, 52, 44, -1, 3),
(4811, 243, 6, 0, 3, 52, 46, -1, 3),
(4812, 243, 6, 0, 3, 52, 44, -1, 3),
(4813, 244, 6, 0, 4, 52, 47, -1, 3),
(4814, 244, 6, 0, 5, 52, 45, -1, 3),
(4815, 244, 6, 0, 5, 52, 46, -1, 3),
(4816, 245, 6, 0, 3, 52, 45, 0, 3),
(4817, 245, 6, 0, 3, 52, 47, 0, 3),
(4818, 245, 6, 0, 4, 52, 46, 0, 3),
(4819, 246, 6, 0, 3, 50, 38, -1, 3),
(4820, 246, 6, 0, 3, 50, 45, -1, 3),
(4821, 246, 6, 0, 4, 50, 44, -1, 3),
(4822, 247, 6, 0, 7, 50, 45, -1, 3),
(4823, 247, 6, 0, 7, 50, 46, 0, 3),
(4824, 247, 6, 0, 7, 50, 45, 0, 3),
(4825, 248, 6, 0, 5, 50, 45, -1, 3),
(4826, 248, 6, 0, 5, 50, 45, -1, 3),
(4827, 248, 6, 0, 4, 50, 45, -1, 3),
(4828, 249, 6, 0, 5, 50, 44, -1, 3),
(4829, 249, 6, 0, 5, 45, 36, -1, 3),
(4830, 250, 6, 0, 3, 45, 39, 0, 3),
(4831, 250, 6, 0, 3, 45, 17, 0, 3),
(4832, 250, 6, 0, 3, 45, 27, 0, 3),
(4833, 251, 6, 0, 3, 45, 39, -1, 3),
(4834, 251, 6, 0, 3, 45, 40, -1, 3),
(4835, 251, 6, 0, 3, 45, 40, -1, 3),
(4836, 252, 6, 0, 3, 45, 40, 0, 3),
(4837, 252, 6, 0, 3, 45, 40, -1, 3),
(4838, 252, 6, 0, 3, 45, 28, 0, 3),
(4839, 252, 6, 0, 3, 45, 40, 0, 3),
(4840, 253, 6, 0, 3, 45, 35, -1, 3),
(4841, 253, 6, 0, 3, 45, 40, -1, 3),
(4842, 253, 6, 0, 3, 45, 9, -1, 3),
(4843, 253, 6, 0, 3, 45, 40, -1, 3),
(4844, 254, 6, 0, 7, 45, 40, -1, 3),
(4845, 254, 6, 0, 7, 45, 40, -1, 3),
(4846, 255, 6, 0, 4, 45, 29, -1, 3),
(4847, 255, 6, 0, 5, 46, 41, -1, 3),
(4848, 256, 6, 0, 7, 45, 40, 0, 3),
(4849, 256, 6, 0, 7, 45, 40, 0, 3),
(4850, 256, 6, 0, 7, 45, 34, 0, 3),
(4851, 257, 6, 0, 5, 45, 11, -1, 3),
(4852, 257, 6, 0, 5, 45, 40, -1, 3),
(4853, 257, 6, 0, 4, 45, 40, -1, 3),
(4854, 258, 6, 0, 4, 46, 41, -1, 3),
(4855, 258, 6, 0, 3, 45, 40, 0, 3),
(4856, 258, 6, 0, 3, 45, 40, 0, 3),
(4857, 258, 6, 0, 3, 36, 30, -1, 3),
(4858, 258, 6, 0, 3, 35, 15, 0, 3),
(4859, 259, 6, 0, 4, 35, 8, -1, 3),
(4860, 259, 6, 0, 3, 35, 1, -1, 3),
(4861, 259, 6, 0, 3, 35, 4, -1, 3),
(4862, 259, 6, 0, 3, 35, 6, -1, 3),
(4863, 259, 6, 0, 3, 35, 12, -1, 3),
(4864, 260, 6, 0, 6, 35, 6, -1, 3),
(4865, 260, 6, 0, 5, 35, 7, -1, 3),
(4866, 260, 6, 0, 5, 25, 20, -1, 3),
(4867, 260, 6, 0, 5, 25, 12, -1, 3),
(4868, 261, 6, 0, 7, 35, 0, -1, 3),
(4869, 261, 6, 0, 7, 35, 0, -1, 3),
(4870, 261, 6, 0, 7, 35, 15, -1, 3),
(4871, 262, 6, 0, 6, 35, 4, -1, 3),
(4872, 262, 6, 0, 5, 35, 11, -1, 3),
(4873, 262, 6, 0, 4, 35, 4, -1, 3),
(4874, 263, 6, 0, 5, 45, 38, -1, 3),
(4875, 263, 6, 0, 6, 45, 15, -1, 3),
(4876, 263, 6, 0, 5, 45, 40, -1, 3),
(4877, 264, 6, 0, 4, 45, 13, 0, 3),
(4878, 265, 6, 0, 4, 45, 39, -1, 3),
(4879, 266, 6, 0, 4, 45, 10, 0, 3),
(4880, 266, 6, 0, 4, 45, 14, 0, 3),
(4881, 266, 6, 0, 3, 45, 40, 0, 3),
(4882, 266, 6, 0, 4, 45, 40, 0, 3),
(4883, 266, 6, 0, 6, 35, 26, 0, 3),
(4884, 266, 6, 0, 3, 28, 22, 0, 3),
(4885, 266, 6, 0, 4, 25, 0, 0, 3),
(4886, 266, 6, 0, 6, 25, 0, 0, 3),
(4887, 266, 6, 0, 6, 25, 19, -1, 3),
(4888, 267, 6, 0, 4, 25, 15, -1, 3),
(4889, 267, 6, 0, 4, 26, 21, -1, 3),
(4890, 267, 6, 0, 3, 25, 0, -1, 3),
(4891, 267, 6, 0, 4, 25, 12, -1, 3),
(4892, 267, 6, 0, 6, 35, 30, -1, 3),
(4893, 267, 6, 0, 3, 35, 30, -1, 3),
(4894, 267, 6, 0, 4, 35, 30, -1, 3),
(4895, 267, 6, 0, 6, 45, 40, -1, 3),
(4896, 267, 6, 0, 6, 35, 30, -1, 3),
(4897, 268, 6, 0, 3, 36, 31, 0, 3),
(4898, 268, 6, 0, 2, 35, 16, 0, 3),
(4899, 268, 6, 0, 2, 35, 29, 0, 3),
(4900, 268, 6, 0, 2, 30, 15, 0, 3),
(4901, 268, 6, 0, 2, 30, 9, 0, 3),
(4902, 268, 6, 0, 2, 30, 24, 0, 3),
(4903, 268, 6, 0, 2, 25, 8, -1, 3),
(4904, 268, 6, 0, 2, 25, 1, 0, 3),
(4905, 268, 6, 0, 2, 30, 25, 0, 3),
(4906, 269, 6, 0, 3, 35, 30, -1, 3),
(4907, 269, 6, 0, 2, 35, 30, -1, 3),
(4908, 269, 6, 0, 2, 36, 31, -1, 3),
(4909, 269, 6, 0, 2, 35, 0, -1, 3),
(4910, 269, 6, 0, 2, 35, 30, -1, 3),
(4911, 269, 6, 0, 2, 36, 30, -1, 3),
(4912, 269, 6, 0, 2, 36, 31, -1, 3),
(4913, 269, 6, 0, 2, 45, 40, -1, 3),
(4914, 269, 6, 0, 2, 20, 14, -1, 3),
(4915, 270, 6, 0, 6, 40, 35, -1, 4),
(4916, 271, 6, 0, 6, 40, 29, -1, 4),
(4917, 272, 6, 0, 6, 35, 29, -1, 4),
(4918, 273, 6, 0, 6, 54, 49, -1, 4),
(4919, 274, 6, 0, 6, 51, 46, -1, 4),
(4920, 275, 6, 0, 6, 35, 13, -1, 4),
(4921, 276, 6, 0, 6, 45, 40, -1, 4),
(4922, 277, 6, 0, 5, 41, 36, -1, 4),
(4923, 277, 6, 0, 6, 45, 17, -1, 4),
(4924, 277, 6, 0, 6, 45, 26, -1, 4),
(4925, 278, 6, 0, 5, 25, 12, -1, 4),
(4926, 279, 6, 0, 5, 45, 31, -1, 4),
(4927, 279, 6, 0, 6, 35, 24, -1, 4),
(4928, 280, 6, 0, 5, 45, 18, -1, 4),
(4929, 280, 6, 0, 5, 45, 2, -1, 4),
(4930, 280, 6, 0, 5, 45, 6, -1, 4),
(4931, 280, 6, 0, 5, 45, 34, -1, 4),
(4932, 280, 6, 0, 5, 50, 45, -1, 4),
(4933, 281, 6, 0, 5, 50, 43, -1, 4),
(4934, 282, 6, 0, 5, 50, 45, -1, 4),
(4935, 282, 6, 0, 5, 50, 45, -1, 4),
(4936, 282, 6, 0, 5, 50, 45, -1, 4),
(4937, 283, 6, 0, 1, 50, 45, -1, 4),
(4938, 284, 6, 0, 1, 50, 45, -1, 4),
(4939, 285, 6, 0, 6, 51, 46, -1, 4),
(4940, 286, 6, 0, 4, 50, 45, -1, 4),
(4941, 286, 6, 0, 4, 50, 36, -1, 4),
(4942, 287, 6, 0, 1, 50, 45, -1, 4),
(4943, 288, 6, 0, 4, 50, 18, -1, 4),
(4944, 289, 6, 0, 1, 50, 16, -1, 4),
(4945, 290, 6, 0, 1, 50, 37, -1, 4),
(4946, 291, 6, 0, 1, 51, 46, -1, 4),
(4947, 292, 6, 0, 4, 54, 49, -1, 4),
(4948, 293, 6, 0, 4, 50, 45, -1, 4),
(4949, 294, 6, 0, 1, 50, 33, -1, 4),
(4950, 295, 6, 0, 2, 50, 18, -1, 4),
(4951, 296, 6, 0, 1, 50, 29, -1, 4),
(4952, 297, 6, 0, 1, 35, 29, -1, 4),
(4953, 297, 6, 0, 4, 35, 30, -1, 4),
(4954, 298, 6, 0, 4, 35, 30, -1, 4),
(4955, 299, 6, 0, 1, 36, 31, -1, 4),
(4956, 300, 6, 0, 1, 20, 11, -1, 4),
(4957, 301, 6, 0, 1, 20, 7, -1, 4),
(4958, 301, 6, 0, 1, 20, 15, -1, 4),
(4959, 302, 6, 0, 4, 20, 7, -1, 4),
(4960, 303, 6, 0, 1, 20, 5, -1, 4),
(4961, 303, 6, 0, 1, 20, 5, -1, 4),
(4962, 304, 6, 0, 1, 20, 3, -1, 4),
(4963, 305, 6, 0, 4, 20, 3, -1, 4),
(4964, 306, 6, 0, 4, 20, 0, -1, 4),
(4965, 307, 6, 0, 4, 20, 4, -1, 4),
(4966, 308, 6, 0, 4, 20, 3, -1, 4),
(4967, 308, 6, 0, 4, 20, 0, -1, 4),
(4968, 309, 6, 0, 4, 20, 4, -1, 4),
(4969, 309, 6, 0, 4, 20, 5, -1, 4),
(4970, 310, 6, 0, 1, 20, 3, -1, 4),
(4971, 311, 6, 0, 1, 20, 4, -1, 4),
(4972, 312, 6, 0, 4, 20, 6, -1, 4),
(4973, 313, 6, 0, 1, 20, 3, -1, 4),
(4974, 314, 6, 0, 1, 20, 3, -1, 4),
(4975, 315, 6, 0, 1, 20, 3, -1, 4),
(4976, 316, 6, 0, 4, 20, 3, -1, 4),
(4977, 317, 6, 0, 4, 10, 1, -1, 4),
(4978, 318, 6, 0, 1, 45, 40, -1, 4),
(4979, 319, 6, 0, 4, 47, 41, -1, 4),
(4980, 320, 6, 0, 4, 45, 40, -1, 4),
(4981, 321, 6, 0, 1, 45, 39, -1, 4),
(4982, 322, 6, 0, 4, 45, 39, -1, 4),
(4983, 323, 6, 0, 1, 45, 40, -1, 4),
(4984, 324, 6, 0, 4, 45, 23, 0, 4),
(4985, 325, 6, 0, 4, 45, 40, -1, 4),
(4986, 326, 6, 0, 6, 45, 40, -1, 4),
(4987, 327, 6, 0, 1, 45, 35, -1, 4),
(4988, 328, 6, 0, 4, 45, 39, -1, 4),
(4989, 328, 6, 0, 5, 45, 40, -1, 4),
(4990, 328, 6, 0, 5, 55, 49, -1, 4),
(4991, 328, 6, 0, 4, 55, 50, -1, 4),
(4992, 328, 6, 0, 4, 55, 50, -1, 4),
(4993, 329, 6, 0, 6, 56, 51, -1, 4),
(4994, 329, 6, 0, 4, 50, 0, -1, 4),
(4995, 329, 6, 0, 6, 55, 49, -1, 4),
(4996, 329, 6, 0, 5, 50, 0, -1, 4),
(4997, 330, 6, 0, 6, 60, 55, -1, 4),
(4998, 331, 6, 0, 6, 63, 58, -1, 4),
(4999, 332, 6, 0, 1, 60, 55, -1, 4),
(5000, 333, 6, 0, 6, 60, 55, -1, 4),
(5001, 334, 6, 0, 6, 60, 55, -1, 4),
(5002, 335, 6, 0, 1, 60, 55, -1, 4),
(5003, 336, 6, 0, 6, 61, 56, -1, 4),
(5004, 337, 6, 0, 1, 63, 57, -1, 4),
(5005, 338, 6, 0, 5, 65, 58, -1, 4),
(5006, 338, 6, 0, 5, 65, 60, -1, 4),
(5007, 338, 6, 0, 5, 65, 60, -1, 4),
(5008, 338, 6, 0, 5, 51, 46, -1, 4),
(5009, 338, 6, 0, 5, 50, 35, -1, 4),
(5010, 338, 6, 0, 6, 50, 45, -1, 4),
(5011, 338, 6, 0, 5, 50, 45, -1, 4),
(5012, 338, 6, 0, 5, 50, 34, -1, 4),
(5013, 338, 6, 0, 5, 51, 46, -1, 4),
(5014, 338, 6, 0, 5, 50, 34, -1, 4),
(5015, 338, 6, 0, 5, 50, 45, -1, 4),
(5016, 338, 6, 0, 5, 54, 49, -1, 4),
(5017, 338, 6, 0, 6, 45, 0, -1, 4),
(5018, 339, 6, 0, 5, 45, 40, -1, 4),
(5019, 339, 6, 0, 5, 46, 41, -1, 4),
(5020, 339, 6, 0, 5, 50, 30, -1, 4),
(5021, 339, 6, 0, 5, 50, 36, -1, 4),
(5022, 339, 6, 0, 5, 50, 37, -1, 4),
(5023, 339, 6, 0, 5, 51, 46, -1, 4),
(5024, 339, 6, 0, 5, 54, 49, -1, 4),
(5025, 339, 6, 0, 5, 45, 0, -1, 4),
(5026, 339, 6, 0, 5, 30, 15, -1, 4),
(5027, 339, 6, 0, 5, 30, 22, -1, 4),
(5028, 339, 6, 0, 5, 37, 31, -1, 4),
(5029, 339, 6, 0, 5, 25, 0, -1, 4),
(5030, 339, 6, 0, 5, 35, 30, -1, 4),
(5031, 339, 6, 0, 5, 38, 33, -1, 4),
(5032, 340, 6, 0, 5, 20, 14, -1, 4),
(5033, 340, 6, 0, 5, 26, 21, -1, 4),
(5034, 340, 6, 0, 5, 25, 17, -1, 4),
(5035, 340, 6, 0, 5, 20, 13, -1, 4),
(5036, 340, 6, 0, 5, 25, 18, -1, 4),
(5037, 340, 6, 0, 5, 20, 11, -1, 4),
(5038, 340, 6, 0, 5, 26, 21, -1, 4),
(5039, 340, 6, 0, 5, 25, 18, -1, 4),
(5040, 340, 6, 0, 5, 26, 21, -1, 4),
(5041, 340, 6, 0, 5, 30, 21, -1, 4),
(5042, 340, 6, 0, 5, 20, 4, -1, 4),
(5043, 340, 6, 0, 5, 31, 26, -1, 4),
(5044, 340, 6, 0, 5, 25, 18, -1, 4),
(5045, 340, 6, 0, 5, 20, 9, -1, 4),
(5046, 341, 6, 0, 1, 20, 12, -1, 4),
(5047, 342, 6, 0, 6, 40, 23, -1, 4),
(5048, 343, 6, 0, 1, 40, 33, -1, 4),
(5049, 344, 6, 0, 6, 40, 34, -1, 4),
(5050, 345, 6, 0, 4, 40, 34, -1, 4),
(5051, 346, 6, 0, 1, 40, 33, -1, 4),
(5052, 347, 6, 0, 5, 40, 33, -1, 4),
(5053, 348, 6, 0, 6, 40, 33, -1, 4),
(5054, 349, 6, 0, 1, 40, 33, -1, 4),
(5055, 350, 6, 0, 6, 35, 1, -1, 4),
(5056, 351, 6, 0, 4, 35, 7, -1, 4),
(5057, 352, 6, 0, 1, 55, 39, -1, 4),
(5058, 353, 6, 0, 1, 55, 0, -1, 4),
(5059, 353, 6, 0, 1, 55, 18, -1, 4),
(5060, 354, 6, 0, 6, 55, 0, -1, 4),
(5061, 355, 6, 0, 6, 55, 50, -1, 4),
(5062, 356, 6, 0, 1, 55, 49, -1, 4),
(5063, 357, 6, 0, 2, 55, 46, -1, 4),
(5064, 358, 6, 0, 6, 55, 47, -1, 4),
(5065, 359, 6, 0, 6, 55, 48, -1, 4),
(5066, 360, 6, 0, 6, 57, 52, -1, 4),
(5067, 361, 6, 0, 6, 55, 0, -1, 4),
(5068, 362, 6, 0, 6, 55, 50, -1, 4),
(5069, 363, 6, 0, 1, 55, 38, -1, 4),
(5070, 364, 6, 0, 1, 55, 48, -1, 4),
(5071, 365, 6, 0, 6, 56, 51, -1, 4),
(5072, 366, 6, 0, 1, 55, 34, -1, 4),
(5073, 367, 6, 0, 6, 55, 40, -1, 4),
(5074, 368, 6, 0, 5, 55, 29, -1, 4),
(5075, 369, 6, 0, 6, 55, 37, -1, 4),
(5076, 370, 6, 0, 6, 56, 45, -1, 4),
(5077, 371, 6, 0, 6, 55, 49, -1, 4),
(5078, 372, 6, 0, 6, 55, 50, -1, 4),
(5079, 373, 6, 0, 5, 55, 50, -1, 4),
(5080, 374, 6, 0, 6, 55, 29, -1, 4),
(5081, 375, 6, 0, 6, 25, 4, -1, 4),
(5082, 375, 6, 0, 4, 56, 15, -1, 4),
(5083, 376, 6, 0, 2, 55, 50, -1, 4),
(5084, 377, 6, 0, 6, 55, 49, -1, 4),
(5085, 378, 6, 0, 1, 55, 42, -1, 4),
(5086, 378, 6, 0, 6, 55, 20, -1, 4),
(5087, 379, 6, 0, 5, 55, 43, -1, 4),
(5088, 379, 6, 0, 6, 55, 50, -1, 4),
(5089, 379, 6, 0, 5, 55, 26, -1, 4),
(5090, 379, 6, 0, 5, 55, 49, -1, 4),
(5091, 379, 6, 0, 5, 55, 49, -1, 4),
(5092, 379, 6, 0, 6, 55, 11, -1, 4),
(5093, 379, 6, 0, 6, 10, 1, -1, 4),
(5094, 379, 6, 0, 5, 55, 5, -1, 4),
(5095, 379, 6, 0, 4, 55, 21, -1, 4),
(5096, 379, 6, 0, 5, 58, 53, -1, 4),
(5097, 379, 6, 0, 5, 25, 9, -1, 4),
(5098, 379, 6, 0, 6, 25, 2, -1, 4),
(5099, 380, 6, 0, 6, 10, 2, -1, 4),
(5100, 381, 6, 0, 1, 10, 2, -1, 4),
(5101, 382, 6, 0, 1, 25, 8, -1, 4),
(5102, 383, 6, 0, 5, 25, 19, -1, 4),
(5103, 383, 6, 0, 5, 25, 7, -1, 4),
(5104, 383, 6, 0, 5, 30, 15, -1, 4),
(5105, 383, 6, 0, 5, 30, 22, -1, 4),
(5106, 384, 6, 0, 5, 19, 0, -1, 4),
(5107, 384, 6, 0, 6, 19, 0, -1, 4),
(5108, 384, 6, 0, 6, 25, 10, -1, 4),
(5109, 384, 6, 0, 1, 25, 6, -1, 4),
(5110, 385, 6, 0, 5, 25, 14, -1, 4),
(5111, 385, 6, 0, 5, 15, 2, -1, 4),
(5112, 386, 6, 0, 5, 25, 8, -1, 4),
(5113, 386, 6, 0, 5, 30, 8, -1, 4),
(5114, 386, 6, 0, 5, 30, 8, -1, 4),
(5115, 386, 6, 0, 5, 23, 14, -1, 4),
(5116, 386, 6, 0, 5, 25, 9, -1, 4),
(5117, 386, 6, 0, 5, 30, 15, -1, 4),
(5118, 386, 6, 0, 5, 25, 8, -1, 4),
(5119, 387, 6, 0, 6, 25, 9, -1, 4),
(5120, 388, 6, 0, 6, 20, 0, -1, 4),
(5121, 389, 6, 0, 1, 27, 8, -1, 4),
(5122, 390, 6, 0, 6, 25, 12, -1, 4),
(5123, 391, 6, 0, 6, 35, 24, -1, 4),
(5124, 392, 6, 0, 6, 25, 12, -1, 4),
(5125, 393, 6, 0, 1, 25, 12, -1, 4),
(5126, 394, 6, 0, 5, 15, 9, -1, 4),
(5127, 394, 6, 0, 5, 20, 0, -1, 4),
(5128, 394, 6, 0, 5, 15, 0, -1, 4),
(5129, 394, 6, 0, 5, 15, 2, -1, 4),
(5130, 394, 6, 0, 5, 15, 0, -1, 4),
(5131, 394, 6, 0, 5, 15, 0, -1, 4),
(5132, 394, 6, 0, 5, 15, 0, -1, 4),
(5133, 394, 6, 0, 5, 15, 1, -1, 4),
(5134, 394, 6, 0, 5, 15, 1, -1, 4),
(5135, 395, 6, 0, 5, 15, 0, -1, 4),
(5136, 396, 6, 0, 1, 15, 2, -1, 5),
(5137, 397, 6, 0, 1, 15, 0, -1, 5),
(5138, 398, 6, 0, 5, 15, 4, 0, 5),
(5139, 399, 6, 0, 1, 15, 0, -1, 5),
(5140, 400, 6, 0, 1, 15, 2, -1, 5),
(5141, 401, 6, 0, 1, 15, 1, -1, 5),
(5142, 402, 6, 0, 1, 50, 45, -1, 5),
(5143, 402, 6, 0, 4, 52, 47, -1, 5),
(5144, 403, 6, 0, 4, 50, 45, -1, 5),
(5145, 404, 6, 0, 4, 50, 45, -1, 5),
(5146, 405, 6, 0, 4, 51, 46, -1, 5),
(5147, 405, 6, 0, 4, 50, 45, -1, 5),
(5148, 406, 6, 0, 4, 50, 44, -1, 5),
(5149, 407, 6, 0, 4, 35, 30, -1, 5),
(5150, 407, 6, 0, 5, 52, 46, -1, 5),
(5151, 408, 6, 0, 4, 52, 47, -1, 5),
(5152, 408, 6, 0, 4, 52, 47, -1, 5),
(5153, 409, 6, 0, 1, 53, 48, -1, 5),
(5154, 409, 6, 0, 5, 52, 47, -1, 5),
(5155, 409, 6, 0, 5, 50, 0, -1, 5),
(5156, 410, 6, 0, 5, 41, 36, -1, 5),
(5157, 411, 6, 0, 5, 30, 19, -1, 5),
(5158, 411, 6, 0, 5, 55, 50, -1, 5),
(5159, 412, 6, 0, 5, 55, 50, -1, 5),
(5160, 412, 6, 0, 5, 55, 50, -1, 5),
(5161, 413, 6, 0, 1, 55, 50, -1, 5),
(5162, 414, 6, 0, 4, 55, 49, -1, 5),
(5163, 414, 6, 0, 4, 56, 51, -1, 5),
(5164, 414, 6, 0, 4, 45, 40, -1, 5),
(5165, 414, 6, 0, 4, 47, 42, -1, 5),
(5166, 415, 6, 0, 4, 40, 33, -1, 5),
(5167, 415, 6, 0, 4, 45, 40, -1, 5),
(5168, 415, 6, 0, 4, 53, 48, -1, 5),
(5169, 416, 6, 0, 4, 54, 49, -1, 5),
(5170, 416, 6, 0, 4, 54, 49, -1, 5),
(5171, 417, 6, 0, 5, 53, 48, -1, 5),
(5172, 417, 6, 0, 4, 53, 48, -1, 5),
(5173, 417, 6, 0, 4, 54, 49, -1, 5),
(5174, 418, 6, 0, 4, 53, 48, -1, 5),
(5175, 418, 6, 0, 4, 53, 48, -1, 5),
(5176, 418, 6, 0, 4, 54, 49, -1, 5),
(5177, 419, 6, 0, 4, 46, 26, -1, 5),
(5178, 419, 6, 0, 4, 46, 41, -1, 5),
(5179, 419, 6, 0, 5, 55, 50, -1, 5),
(5180, 420, 6, 0, 4, 55, 50, -1, 5),
(5181, 420, 6, 0, 4, 55, 50, -1, 5),
(5182, 420, 6, 0, 4, 55, 50, -1, 5),
(5183, 421, 6, 0, 5, 55, 50, -1, 5),
(5184, 421, 6, 0, 5, 55, 50, -1, 5),
(5185, 421, 6, 0, 5, 55, 50, -1, 5),
(5186, 421, 6, 0, 5, 50, 45, -1, 5),
(5187, 422, 6, 0, 4, 50, 41, -1, 5),
(5188, 422, 6, 0, 1, 51, 46, -1, 5),
(5189, 422, 6, 0, 4, 40, 31, -1, 5),
(5190, 422, 6, 0, 4, 50, 39, -1, 5),
(5191, 423, 6, 0, 1, 51, 46, -1, 5),
(5192, 423, 6, 0, 1, 50, 44, -1, 5),
(5193, 423, 6, 0, 1, 50, 42, -1, 5),
(5194, 424, 6, 0, 5, 50, 45, -1, 5),
(5195, 424, 6, 0, 5, 50, 45, -1, 5),
(5196, 425, 6, 0, 1, 50, 37, -1, 5),
(5197, 425, 6, 0, 4, 50, 45, -1, 5),
(5198, 425, 6, 0, 1, 50, 44, -1, 5),
(5199, 425, 6, 0, 1, 45, 40, -1, 5),
(5200, 426, 6, 0, 4, 50, 45, -1, 5),
(5201, 426, 6, 0, 4, 50, 31, -1, 5),
(5202, 426, 6, 0, 4, 51, 46, -1, 5),
(5203, 427, 6, 0, 1, 37, 32, -1, 5),
(5204, 427, 6, 0, 1, 55, 24, -1, 5),
(5205, 427, 6, 0, 1, 56, 50, -1, 5),
(5206, 427, 6, 0, 1, 55, 11, -1, 5),
(5207, 427, 6, 0, 1, 55, 50, -1, 5),
(5208, 428, 6, 0, 4, 55, 50, -1, 5),
(5209, 428, 6, 0, 4, 57, 52, -1, 5),
(5210, 428, 6, 0, 4, 56, 51, -1, 5),
(5211, 429, 6, 0, 5, 55, 50, -1, 5),
(5212, 429, 6, 0, 5, 40, 0, -1, 5),
(5213, 430, 6, 0, 1, 40, 0, 0, 5),
(5214, 430, 6, 0, 1, 40, 0, -1, 5),
(5215, 430, 6, 0, 1, 40, 0, -1, 5),
(5216, 430, 6, 0, 1, 35, 22, -1, 5),
(5217, 430, 6, 0, 1, 35, 14, -1, 5),
(5218, 430, 6, 0, 1, 35, 0, 0, 5),
(5219, 431, 6, 0, 1, 35, 0, -1, 5);

-- --------------------------------------------------------

--
-- Table structure for table `semester`
--

CREATE TABLE `semester` (
  `id` int(11) NOT NULL,
  `year` int(11) NOT NULL,
  `name` varchar(100) NOT NULL,
  `start_date` varchar(100) NOT NULL,
  `end_date` varchar(100) NOT NULL
) ENGINE=InnoDB DEFAULT CHARSET=utf8mb4;

--
-- Dumping data for table `semester`
--

INSERT INTO `semester` (`id`, `year`, `name`, `start_date`, `end_date`) VALUES
(1, 2021, 'Spring', 'January', 'April'),
(2, 2021, 'Summer', 'May', 'August'),
(3, 2021, 'Autumn', 'September', 'December'),
(4, 2020, 'Spring', 'January', 'April'),
(5, 2020, 'Summer', 'May', 'August'),
(6, 2020, 'Autumn', 'September', 'December');

--
-- Indexes for dumped tables
--

--
-- Indexes for table `classroom`
--
ALTER TABLE `classroom`
  ADD PRIMARY KEY (`id`);

--
-- Indexes for table `course`
--
ALTER TABLE `course`
  ADD PRIMARY KEY (`id`);

--
-- Indexes for table `department`
--
ALTER TABLE `department`
  ADD PRIMARY KEY (`id`);

--
-- Indexes for table `school`
--
ALTER TABLE `school`
  ADD PRIMARY KEY (`id`);

--
-- Indexes for table `section`
--
ALTER TABLE `section`
  ADD PRIMARY KEY (`id`);

--
-- Indexes for table `semester`
--
ALTER TABLE `semester`
  ADD PRIMARY KEY (`id`);

--
-- AUTO_INCREMENT for dumped tables
--

--
-- AUTO_INCREMENT for table `classroom`
--
ALTER TABLE `classroom`
  MODIFY `id` int(11) NOT NULL AUTO_INCREMENT, AUTO_INCREMENT=8;

--
-- AUTO_INCREMENT for table `course`
--
ALTER TABLE `course`
  MODIFY `id` int(11) NOT NULL AUTO_INCREMENT, AUTO_INCREMENT=432;

--
-- AUTO_INCREMENT for table `department`
--
ALTER TABLE `department`
  MODIFY `id` int(11) NOT NULL AUTO_INCREMENT, AUTO_INCREMENT=20;

--
-- AUTO_INCREMENT for table `school`
--
ALTER TABLE `school`
  MODIFY `id` int(11) NOT NULL AUTO_INCREMENT, AUTO_INCREMENT=6;

--
-- AUTO_INCREMENT for table `section`
--
ALTER TABLE `section`
  MODIFY `id` int(11) NOT NULL AUTO_INCREMENT, AUTO_INCREMENT=5220;

--
-- AUTO_INCREMENT for table `semester`
--
ALTER TABLE `semester`
  MODIFY `id` int(11) NOT NULL AUTO_INCREMENT, AUTO_INCREMENT=7;
COMMIT;

/*!40101 SET CHARACTER_SET_CLIENT=@OLD_CHARACTER_SET_CLIENT */;
/*!40101 SET CHARACTER_SET_RESULTS=@OLD_CHARACTER_SET_RESULTS */;
/*!40101 SET COLLATION_CONNECTION=@OLD_COLLATION_CONNECTION */;
